Date,Consensus Mean,Consensus High,Consensus Low,Actual,,,,
Apr-22-2020,5.07,6,4.64,4.7,,,,
Apr-23-2020,5.07,6,4.64,4.7,,,,
Apr-24-2020,5.07,6,4.64,4.75,,,,
Apr-25-2020,5.07,6,4.64,4.75,,,,
Apr-26-2020,5.07,6,4.64,4.75,,,,
Apr-27-2020,5.07,6,4.64,4.81,,,,
Apr-28-2020,5.07,6,4.64,4.82,,,,
Apr-29-2020,5.07,6,4.64,4.96,,,,
Apr-30-2020,5.07,6,4.64,4.92,,,,
May-01-2020,5.07,6,4.64,4.83,,,,
May-02-2020,5.07,6,4.64,4.83,,,,
May-03-2020,5.07,6,4.64,4.83,,,,
May-04-2020,5.07,6,4.64,4.86,,,,
May-05-2020,5.07,6,4.64,4.91,,,,
May-06-2020,5.07,6,4.64,4.82,,,,
May-07-2020,5.2,6,4.7,4.92,,,,
May-08-2020,5.2,6,4.7,4.92,,,,
May-09-2020,5.2,6,4.7,4.92,,,,
May-10-2020,5.19,6,4.7,4.92,,,,
May-11-2020,5.18,6,4.7,4.85,,,,
May-12-2020,5.18,6,4.7,4.73,,,,
May-13-2020,5.18,6,4.7,4.72,,,,
May-14-2020,5.18,6,4.7,4.6,,,,
May-15-2020,5.18,6,4.7,4.74,,,,
May-16-2020,5.18,6,4.7,4.74,,,,
May-17-2020,5.18,6,4.7,4.74,,,,
May-18-2020,5.18,6,4.7,4.69,,,,
May-19-2020,5.18,6,4.7,4.6,,,,
May-20-2020,5.18,6,4.7,4.65,,,,
May-21-2020,5.18,6,4.7,4.59,,,,
May-22-2020,5.18,6,4.7,4.43,,,,
May-23-2020,5.18,6,4.7,4.43,,,,
May-24-2020,5.18,6,4.7,4.43,,,,
May-25-2020,5.18,6,4.7,4.51,,,,
May-26-2020,5.18,6,4.7,4.56,,,,
May-27-2020,5.18,6,4.7,4.51,,,,
May-28-2020,5.18,6,4.7,4.75,,,,
May-29-2020,5.18,6,4.7,4.71,,,,
May-30-2020,5.18,6,4.7,4.71,,,,
May-31-2020,5.18,6,4.7,4.71,,,,
Jun-01-2020,5.18,6,4.7,4.59,,,,
Jun-02-2020,5.18,6,4.7,4.59,,,,
Jun-03-2020,5.18,6,4.7,4.59,,,,
Jun-04-2020,5.18,6,4.7,4.58,,,,
Jun-05-2020,5.18,6,4.7,4.6,,,,
Jun-06-2020,5.18,6,4.7,4.6,,,,
Jun-07-2020,5.18,6,4.7,4.6,,,,
Jun-08-2020,5.18,6,4.7,4.6,,,,
Jun-09-2020,5.18,6,4.7,4.75,,,,
Jun-10-2020,5.18,6,4.7,4.7,,,,
Jun-11-2020,5.18,6,4.7,4.5,,,,
Jun-12-2020,5.18,6,4.7,4.48,,,,
Jun-13-2020,5.18,6,4.7,4.48,,,,
Jun-14-2020,5.18,6,4.7,4.48,,,,
Jun-15-2020,5.15,6,4.7,4.4,,,,
Jun-16-2020,5.15,6,4.7,4.79,,,,
Jun-17-2020,5.15,6,4.7,4.85,,,,
Jun-18-2020,5.15,6,4.7,4.77,,,,
Jun-19-2020,5.15,6,4.7,5.04,,,,
Jun-20-2020,5.15,6,4.7,5.04,,,,
Jun-21-2020,5.15,6,4.7,5.04,,,,
Jun-22-2020,5.15,6,4.7,5.06,,,,
Jun-23-2020,5.15,6,4.7,4.89,,,,
Jun-24-2020,5.15,6,4.7,4.85,,,,
Jun-25-2020,5.15,6,4.7,4.66,,,,
Jun-26-2020,5.15,6,4.7,4.71,,,,
Jun-27-2020,5.15,6,4.7,4.71,,,,
Jun-28-2020,5.15,6,4.7,4.71,,,,
Jun-29-2020,5.15,6,4.7,4.59,,,,
Jun-30-2020,5.15,6,4.7,4.61,,,,
Jul-01-2020,5.15,6,4.7,4.63,,,,
Jul-02-2020,5.11,5.82,4.7,4.84,,,,
Jul-03-2020,5.11,5.82,4.7,4.82,,,,
Jul-04-2020,5.11,5.82,4.7,4.82,,,,
Jul-05-2020,5.11,5.82,4.7,4.82,,,,
Jul-06-2020,5.11,5.82,4.7,4.69,,,,
Jul-07-2020,5.11,5.82,4.7,4.72,,,,
Jul-08-2020,5.11,5.82,4.7,4.63,,,,
Jul-09-2020,5.11,5.82,4.7,4.64,,,,
Jul-10-2020,5.11,5.82,4.7,4.65,,,,
Jul-11-2020,5.11,5.82,4.7,4.65,,,,
Jul-12-2020,5.1,5.82,4.7,4.65,,,,
Jul-13-2020,5.1,5.82,4.7,4.64,,,,
Jul-14-2020,5.1,5.82,4.7,4.67,,,,
Jul-15-2020,5.1,5.82,4.7,4.76,,,,
Jul-16-2020,5.11,5.82,4.7,4.67,,,,
Jul-17-2020,5.11,5.82,4.7,4.65,,,,
Jul-18-2020,5.11,5.82,4.7,4.65,,,,
Jul-19-2020,5.11,5.82,4.7,4.65,,,,
Jul-20-2020,5.11,5.82,4.7,4.64,,,,
Jul-21-2020,5.11,5.82,4.7,4.71,,,,
Jul-22-2020,5.11,5.82,4.7,4.63,,,,
Jul-23-2020,5.11,5.82,4.7,4.68,,,,
Jul-24-2020,5.11,5.82,4.7,4.63,,,,
Jul-25-2020,5.11,5.82,4.7,4.63,,,,
Jul-26-2020,5.11,5.82,4.7,4.63,,,,
Jul-27-2020,5.08,5.82,4.7,4.49,,,,
Jul-28-2020,5.09,5.88,4.7,4.5,,,,
Jul-29-2020,5.11,5.88,4.7,4.42,,,,
Jul-30-2020,5.11,5.88,4.7,4.56,,,,
Jul-31-2020,5.11,5.88,4.7,4.43,,,,
Aug-01-2020,5.11,5.88,4.7,4.43,,,,
Aug-02-2020,5.11,5.88,4.7,4.43,,,,
Aug-03-2020,5.11,5.88,4.7,4.49,,,,
Aug-04-2020,5.11,5.88,4.7,4.54,,,,
Aug-05-2020,5.11,5.88,4.7,4.42,,,,
Aug-06-2020,5.11,5.88,4.7,4.47,,,,
Aug-07-2020,5.11,5.88,4.7,4.46,,,,
Aug-08-2020,5.11,5.88,4.7,4.46,,,,
Aug-09-2020,5.11,5.88,4.7,4.46,,,,
Aug-10-2020,5.11,5.88,4.7,4.65,,,,
Aug-11-2020,5.11,5.88,4.7,4.66,,,,
Aug-12-2020,5.11,5.88,4.7,4.68,,,,
Aug-13-2020,5.11,5.88,4.7,4.62,,,,
Aug-14-2020,5.11,5.88,4.7,4.63,,,,
Aug-15-2020,5.11,5.88,4.7,4.63,,,,
Aug-16-2020,5.11,5.88,4.7,4.63,,,,
Aug-17-2020,5.11,5.88,4.7,4.66,,,,
Aug-18-2020,5.11,5.88,4.7,4.64,,,,
Aug-19-2020,5.11,5.88,4.7,4.92,,,,
Aug-20-2020,5.11,5.88,4.7,4.84,,,,
Aug-21-2020,5.11,5.88,4.7,4.81,,,,
Aug-22-2020,5.11,5.88,4.7,4.81,,,,
Aug-23-2020,5.11,5.88,4.7,4.81,,,,
Aug-24-2020,5.02,5.95,4.6,4.53,,,,
Aug-25-2020,5.06,5.95,4.6,4.62,,,,
Aug-26-2020,5.06,5.95,4.6,4.64,,,,
Aug-27-2020,5.06,5.95,4.6,4.65,,,,
Aug-28-2020,5.06,5.95,4.6,4.65,,,,
Aug-29-2020,5.06,5.95,4.6,4.65,,,,
Aug-30-2020,5.06,5.95,4.6,4.65,,,,
Aug-31-2020,5.1,5.95,4.6,4.61,,,,
Sep-01-2020,5.1,5.95,4.6,4.51,,,,
Sep-02-2020,5.1,5.95,4.6,4.54,,,,
Sep-03-2020,5.1,5.95,4.6,4.5,,,,
Sep-04-2020,5.1,5.95,4.6,4.41,,,,
Sep-05-2020,5.1,5.95,4.6,4.41,,,,
Sep-06-2020,5.1,5.95,4.6,4.41,,,,
Sep-07-2020,5.07,5.95,4.6,4.28,,,,
Sep-08-2020,5.07,5.95,4.6,4.33,,,,
Sep-09-2020,5.07,5.95,4.6,4.19,,,,
Sep-10-2020,5.07,5.95,4.6,4.21,,,,
Sep-11-2020,5.07,5.95,4.6,4.25,,,,
Sep-12-2020,5.07,5.95,4.6,4.25,,,,
Sep-13-2020,5.07,5.95,4.6,4.25,,,,
Sep-14-2020,5.07,5.95,4.6,4.26,,,,
Sep-15-2020,5.07,5.95,4.6,4.21,,,,
Sep-16-2020,5.07,5.95,4.6,4.28,,,,
Sep-17-2020,5.07,5.95,4.6,4.26,,,,
Sep-18-2020,5.07,5.95,4.6,4.19,,,,
Sep-19-2020,5.07,5.95,4.6,4.19,,,,
Sep-20-2020,5.07,5.95,4.6,4.19,,,,
Sep-21-2020,5.07,5.95,4.6,4.17,,,,
Sep-22-2020,5.07,5.95,4.6,4.15,,,,
Sep-23-2020,5.07,5.95,4.6,4.3,,,,
Sep-24-2020,5.07,5.95,4.6,4.33,,,,
Sep-25-2020,5.07,5.95,4.6,4.23,,,,
Sep-26-2020,5.07,5.95,4.6,4.23,,,,
Sep-27-2020,5.07,5.95,4.6,4.23,,,,
Sep-28-2020,5.07,5.95,4.6,4.2,,,,
Sep-29-2020,5.07,5.95,4.6,4.24,,,,
Sep-30-2020,5.07,5.95,4.6,4.08,,,,
Oct-01-2020,5.07,5.95,4.6,4.15,,,,
Oct-02-2020,5.07,5.95,4.6,4.16,,,,
Oct-03-2020,5.07,5.95,4.6,4.16,,,,
Oct-04-2020,5.07,5.95,4.6,4.16,,,,
Oct-05-2020,5.07,5.95,4.6,4.37,,,,
Oct-06-2020,5.07,5.95,4.6,4.32,,,,
Oct-07-2020,5.07,5.95,4.6,4.32,,,,
Oct-08-2020,5.07,5.95,4.6,4.31,,,,
Oct-09-2020,5.07,5.95,4.6,4.27,,,,
Oct-10-2020,5.07,5.95,4.6,4.27,,,,
Oct-11-2020,5.07,5.95,4.6,4.27,,,,
Oct-12-2020,5.07,5.95,4.6,4.24,,,,
Oct-13-2020,5.07,5.95,4.6,4.41,,,,
Oct-14-2020,5.07,5.95,4.6,4.45,,,,
Oct-15-2020,5.07,5.95,4.6,4.48,,,,
Oct-16-2020,5.07,5.95,4.6,4.51,,,,
Oct-17-2020,5.07,5.95,4.6,4.51,,,,
Oct-18-2020,5.07,5.95,4.6,4.51,,,,
Oct-19-2020,5.07,5.95,4.6,4.54,,,,
Oct-20-2020,5.07,5.95,4.6,4.47,,,,
Oct-21-2020,5.07,5.95,4.6,4.47,,,,
Oct-22-2020,5.07,5.95,4.6,4.43,,,,
Oct-23-2020,5.07,5.95,4.6,4.36,,,,
Oct-24-2020,5.07,5.95,4.6,4.36,,,,
Oct-25-2020,5.07,5.95,4.6,4.36,,,,
Oct-26-2020,5.07,5.95,4.6,4.34,,,,
Oct-27-2020,5.07,5.95,4.6,4.3,,,,
Oct-28-2020,5.07,5.95,4.6,4.31,,,,
Oct-29-2020,5.07,5.95,4.6,4.25,,,,
Oct-30-2020,5.07,5.95,4.6,4.16,,,,
Oct-31-2020,5.07,5.95,4.6,4.16,,,,
Nov-01-2020,5.07,5.95,4.6,4.16,,,,
Nov-02-2020,5.07,5.95,4.6,4.14,,,,
Nov-03-2020,5.07,5.95,4.6,4.22,,,,
Nov-04-2020,5.07,5.95,4.6,4.25,,,,
Nov-05-2020,5.03,5.95,4.6,4.35,,,,
Nov-06-2020,5.03,5.95,4.6,4.37,,,,
Nov-07-2020,5.03,5.95,4.6,4.37,,,,
Nov-08-2020,5.07,5.95,4.6,4.37,,,,
Nov-09-2020,5.07,5.95,4.6,4.54,,,,
Nov-10-2020,5.07,5.95,4.6,4.63,,,,
Nov-11-2020,5.07,5.95,4.6,4.75,,,,
Nov-12-2020,5.07,5.95,4.6,4.73,,,,
Nov-13-2020,5.07,5.95,4.6,4.68,,,,
Nov-14-2020,5.07,5.95,4.6,4.68,,,,
Nov-15-2020,5.07,5.95,4.6,4.68,,,,
Nov-16-2020,5.07,5.95,4.6,4.73,,,,
Nov-17-2020,5.07,5.95,4.6,4.81,,,,
Nov-18-2020,5.07,5.95,4.6,4.93,,,,
Nov-19-2020,5.07,5.95,4.6,4.96,,,,
Nov-20-2020,5.07,5.95,4.6,4.96,,,,
Nov-21-2020,5.07,5.95,4.6,4.96,,,,
Nov-22-2020,5.07,5.95,4.6,4.96,,,,
Nov-23-2020,5.07,5.95,4.6,4.94,,,,
Nov-24-2020,5.07,5.95,4.6,4.98,,,,
Nov-25-2020,5.07,5.95,4.6,5.1,,,,
Nov-26-2020,5.07,5.95,4.6,5.18,,,,
Nov-27-2020,5.07,5.95,4.6,5.17,,,,
Nov-28-2020,5.07,5.95,4.6,5.17,,,,
Nov-29-2020,5.07,5.95,4.6,5.17,,,,
Nov-30-2020,5.07,5.95,4.6,5.14,,,,
Dec-01-2020,5.07,5.95,4.6,5.21,,,,
Dec-02-2020,5.07,5.95,4.6,5.2,,,,
Dec-03-2020,5.09,5.95,4.6,5.11,,,,
Dec-04-2020,5.09,5.95,4.6,5.13,,,,
Dec-05-2020,5.09,5.95,4.6,5.13,,,,
Dec-06-2020,5.09,5.95,4.6,5.13,,,,
Dec-07-2020,5.09,5.95,4.6,5.13,,,,
Dec-08-2020,5.09,5.95,4.6,5.16,,,,
Dec-09-2020,5.09,5.95,4.6,5.19,,,,
Dec-10-2020,5.09,5.95,4.6,5.22,,,,
Dec-11-2020,5.09,5.95,4.6,5.21,,,,
Dec-12-2020,5.09,5.95,4.6,5.21,,,,
Dec-13-2020,5.09,5.95,4.6,5.21,,,,
Dec-14-2020,5.09,5.95,4.6,5.47,,,,
Dec-15-2020,5.17,5.95,4.6,5.59,,,,
Dec-16-2020,5.17,5.95,4.6,5.45,,,,
Dec-17-2020,5.17,5.95,4.6,5.41,,,,
Dec-18-2020,5.17,5.95,4.6,5.62,,,,
Dec-19-2020,5.17,5.95,4.6,5.62,,,,
Dec-20-2020,5.17,5.95,4.6,5.62,,,,
Dec-21-2020,5.2,6.15,4.6,5.8,,,,
Dec-22-2020,5.2,6.15,4.6,5.83,,,,
Dec-23-2020,5.2,6.15,4.6,5.87,,,,
Dec-24-2020,5.2,6.15,4.6,5.81,,,,
Dec-25-2020,5.2,6.15,4.6,5.81,,,,
Dec-26-2020,5.2,6.15,4.6,5.81,,,,
Dec-27-2020,5.27,6.15,4.6,5.81,,,,
Dec-28-2020,5.27,6.15,4.6,5.81,,,,
Dec-29-2020,5.27,6.15,4.6,5.92,,,,
Dec-30-2020,5.27,6.15,4.6,6.01,,,,
Dec-31-2020,5.27,6.15,4.6,5.97,,,,
Jan-01-2021,5.27,6.15,4.6,5.97,,,,
Jan-02-2021,5.27,6.15,4.6,5.97,,,,
Jan-03-2021,5.27,6.15,4.6,5.97,,,,
Jan-04-2021,5.27,6.15,4.6,6.04,,,,
Jan-05-2021,5.27,6.15,4.6,6.06,,,,
Jan-06-2021,5.27,6.15,4.6,6.06,,,,
Jan-07-2021,5.27,6.15,4.6,6.05,,,,
Jan-08-2021,5.27,6.15,4.6,5.9,,,,
Jan-09-2021,5.27,6.15,4.6,5.9,,,,
Jan-10-2021,5.36,6.15,4.6,5.9,,,,
Jan-11-2021,5.36,6.15,4.6,5.76,,,,
Jan-12-2021,5.36,6.15,4.6,5.81,,,,
Jan-13-2021,5.36,6.15,4.6,5.92,,,,
Jan-14-2021,5.36,6.15,4.6,5.91,,,,
Jan-15-2021,5.36,6.15,4.6,5.86,,,,
Jan-16-2021,5.36,6.15,4.6,5.86,,,,
Jan-17-2021,5.36,6.15,4.6,5.86,,,,
Jan-18-2021,5.49,6.67,4.6,5.82,,,,
Jan-19-2021,5.49,6.67,4.6,5.81,,,,
Jan-20-2021,5.49,6.67,4.6,5.78,,,,
Jan-21-2021,5.49,6.67,4.6,5.78,,,,
Jan-22-2021,5.49,6.67,4.6,5.77,,,,
Jan-23-2021,5.49,6.67,4.6,5.77,,,,
Jan-24-2021,5.49,6.67,4.6,5.77,,,,
Jan-25-2021,5.57,6.67,4.6,5.74,,,,
Jan-26-2021,5.57,6.67,4.6,5.74,,,,
Jan-27-2021,5.57,6.67,4.6,5.69,,,,
Jan-28-2021,5.57,6.67,4.6,5.49,,,,
Jan-29-2021,5.57,6.67,4.6,5.52,,,,
Jan-30-2021,5.57,6.67,4.6,5.52,,,,
Jan-31-2021,5.57,6.67,4.6,5.52,,,,
Feb-01-2021,5.58,6.67,4.7,5.61,,,,
Feb-02-2021,5.58,6.67,4.7,5.68,,,,
Feb-03-2021,5.58,6.67,4.7,5.74,,,,
Feb-04-2021,5.58,6.67,4.7,5.65,,,,
Feb-05-2021,5.58,6.67,4.7,5.71,,,,
Feb-06-2021,5.58,6.67,4.7,5.71,,,,
Feb-07-2021,5.58,6.67,4.7,5.71,,,,
Feb-08-2021,5.58,6.67,4.7,5.61,,,,
Feb-09-2021,5.58,6.67,4.7,5.64,,,,
Feb-10-2021,5.58,6.67,4.7,5.63,,,,
Feb-11-2021,5.58,6.67,4.7,5.44,,,,
Feb-12-2021,5.58,6.67,4.7,5.46,,,,
Feb-13-2021,5.58,6.67,4.7,5.46,,,,
Feb-14-2021,5.58,6.67,4.7,5.46,,,,
Feb-15-2021,5.64,6.67,4.7,5.44,,,,
Feb-16-2021,5.64,6.67,4.7,5.44,,,,
Feb-17-2021,5.64,6.67,4.7,5.45,,,,
Feb-18-2021,5.64,6.67,4.7,5.44,,,,
Feb-19-2021,5.64,6.67,4.7,5.39,,,,
Feb-20-2021,5.64,6.67,4.7,5.39,,,,
Feb-21-2021,5.64,6.67,4.7,5.39,,,,
Feb-22-2021,5.81,6.44,4.9,5.74,,,,
Feb-23-2021,5.81,6.44,4.9,5.73,,,,
Feb-24-2021,5.81,6.44,4.9,5.63,,,,
Feb-25-2021,5.81,6.44,4.9,5.65,,,,
Feb-26-2021,5.81,6.44,4.9,5.54,,,,
Feb-27-2021,5.81,6.44,4.9,5.54,,,,
Feb-28-2021,5.81,6.44,4.9,5.54,,,,
Mar-01-2021,5.81,6.44,4.9,5.6,,,,
Mar-02-2021,5.81,6.44,4.9,5.65,,,,
Mar-03-2021,5.81,6.44,4.9,5.7,,,,
Mar-04-2021,5.81,6.44,4.9,5.53,,,,
Mar-05-2021,5.81,6.44,4.9,5.43,,,,
Mar-06-2021,5.81,6.44,4.9,5.43,,,,
Mar-07-2021,5.81,6.44,4.9,5.43,,,,
Mar-08-2021,5.81,6.44,4.9,5.52,,,,
Mar-09-2021,5.81,6.44,4.9,5.55,,,,
Mar-10-2021,5.81,6.44,4.9,5.65,,,,
Mar-11-2021,5.81,6.44,4.9,5.67,,,,
Mar-12-2021,5.81,6.44,4.9,5.6,,,,
Mar-13-2021,5.81,6.44,4.9,5.6,,,,
Mar-14-2021,5.81,6.44,4.9,5.6,,,,
Mar-15-2021,5.81,6.44,4.9,5.61,,,,
Mar-16-2021,5.81,6.44,4.9,5.63,,,,
Mar-17-2021,5.81,6.44,4.9,5.45,,,,
Mar-18-2021,5.81,6.44,4.9,5.41,,,,
Mar-19-2021,5.81,6.44,4.9,5.46,,,,
Mar-20-2021,5.81,6.44,4.9,5.46,,,,
Mar-21-2021,5.78,6.44,4.9,5.46,,,,
Mar-22-2021,5.78,6.44,4.9,5.35,,,,
Mar-23-2021,5.78,6.44,4.9,5.31,,,,
Mar-24-2021,5.78,6.44,4.9,5.33,,,,
Mar-25-2021,5.78,6.44,4.9,5.34,,,,
Mar-26-2021,5.78,6.44,4.9,5.35,,,,
Mar-27-2021,5.78,6.44,4.9,5.35,,,,
Mar-28-2021,5.78,6.44,4.9,5.35,,,,
Mar-29-2021,5.78,6.44,4.9,5.26,,,,
Mar-30-2021,5.78,6.44,4.9,5.14,,,,
Mar-31-2021,5.78,6.44,4.9,5.23,,,,
Apr-01-2021,5.78,6.44,4.9,5.24,,,,
Apr-02-2021,5.78,6.44,4.9,5.24,,,,
Apr-03-2021,5.78,6.44,4.9,5.24,,,,
Apr-04-2021,5.78,6.44,4.9,5.24,,,,
Apr-05-2021,5.78,6.44,4.9,5.24,,,,
Apr-06-2021,5.78,6.44,4.9,5.29,,,,
Apr-07-2021,5.78,6.44,4.9,5.28,,,,
Apr-08-2021,5.78,6.44,4.9,5.45,,,,
Apr-09-2021,5.78,6.44,4.9,5.35,,,,
Apr-10-2021,5.78,6.44,4.9,5.35,,,,
Apr-11-2021,5.78,6.44,4.9,5.35,,,,
Apr-12-2021,5.78,6.44,4.9,5.34,,,,
Apr-13-2021,5.78,6.44,4.9,5.41,,,,
Apr-14-2021,5.78,6.44,4.9,5.44,,,,
Apr-15-2021,5.78,6.44,4.9,5.44,,,,
Apr-16-2021,5.78,6.44,4.9,5.47,,,,
Apr-17-2021,5.78,6.44,4.9,5.47,,,,
Apr-18-2021,5.78,6.44,4.9,5.47,,,,
Apr-19-2021,5.78,6.44,4.9,5.43,,,,
Apr-20-2021,5.78,6.44,4.9,5.34,,,,
Apr-21-2021,5.78,6.44,4.9,5.4,,,,
Apr-22-2021,5.78,6.44,4.9,5.41,,,,
Apr-23-2021,5.78,6.44,4.9,5.39,,,,
Apr-24-2021,5.78,6.44,4.9,5.39,,,,
Apr-25-2021,5.78,6.44,4.9,5.39,,,,
Apr-26-2021,6.03,6.56,5.1,5.94,,,,
Apr-27-2021,6.03,6.56,5.1,5.95,,,,
Apr-28-2021,6.03,6.56,5.1,6.1,,,,
Apr-29-2021,6.03,6.56,5.1,6.15,,,,
Apr-30-2021,6.03,6.56,5.1,6.18,,,,
May-01-2021,6.03,6.56,5.1,6.18,,,,
May-02-2021,6.03,6.56,5.1,6.18,,,,
May-03-2021,6.07,6.56,5.1,6.25,,,,
May-04-2021,6.07,6.56,5.1,6.26,,,,
May-05-2021,6.07,6.56,5.1,6.28,,,,
May-06-2021,6.07,6.56,5.1,6.25,,,,
May-07-2021,6.07,6.56,5.1,6.22,,,,
May-08-2021,6.07,6.56,5.1,6.22,,,,
May-09-2021,6.07,6.56,5.1,6.22,,,,
May-10-2021,6.07,6.56,5.1,6.24,,,,
May-11-2021,6.07,6.56,5.1,6.23,,,,
May-12-2021,6.07,6.56,5.1,6.14,,,,
May-13-2021,6.07,6.56,5.1,6.2,,,,
May-14-2021,6.07,6.56,5.1,6.19,,,,
May-15-2021,6.07,6.56,5.1,6.19,,,,
May-16-2021,6.07,6.56,5.1,6.19,,,,
May-17-2021,6.08,6.56,5.1,6.11,,,,
May-18-2021,6.08,6.56,5.1,6.18,,,,
May-19-2021,6.08,6.56,5.1,6,,,,
May-20-2021,6.08,6.56,5.1,6.05,,,,
May-21-2021,6.08,6.56,5.1,6.07,,,,
May-22-2021,6.08,6.56,5.1,6.07,,,,
May-23-2021,6.08,6.56,5.1,6.07,,,,
May-24-2021,6.08,6.56,5.1,6.24,,,,
May-25-2021,6.08,6.56,5.1,6.16,,,,
May-26-2021,6.08,6.56,5.1,6.18,,,,
May-27-2021,6.08,6.56,5.1,6.09,,,,
May-28-2021,6.08,6.56,5.1,6.3,,,,
May-29-2021,6.08,6.56,5.1,6.3,,,,
May-30-2021,6.08,6.56,5.1,6.3,,,,
May-31-2021,6.08,6.56,5.1,6.29,,,,
Jun-01-2021,6.08,6.56,5.1,6.23,,,,
Jun-02-2021,6.08,6.56,5.1,6.32,,,,
Jun-03-2021,6.08,6.56,5.1,6.46,,,,
Jun-04-2021,6.08,6.56,5.1,6.41,,,,
Jun-05-2021,6.08,6.56,5.1,6.41,,,,
Jun-06-2021,6.08,6.56,5.1,6.41,,,,
Jun-07-2021,6.08,6.56,5.1,6.32,,,,
Jun-08-2021,6.08,6.56,5.1,6.19,,,,
Jun-09-2021,6.08,6.56,5.1,6.23,,,,
Jun-10-2021,6.08,6.56,5.1,6.28,,,,
Jun-11-2021,6.08,6.56,5.1,6.22,,,,
Jun-12-2021,6.08,6.56,5.1,6.22,,,,
Jun-13-2021,6.08,6.56,5.1,6.22,,,,
Jun-14-2021,6.08,6.56,5.1,6.22,,,,
Jun-15-2021,6.08,6.56,5.1,6.41,,,,
Jun-16-2021,6.08,6.56,5.1,6.35,,,,
Jun-17-2021,6.08,6.56,5.1,6.41,,,,
Jun-18-2021,6.08,6.56,5.1,6.33,,,,
Jun-19-2021,6.08,6.56,5.1,6.33,,,,
Jun-20-2021,6.08,6.56,5.1,6.33,,,,
Jun-21-2021,6.08,6.56,5.1,6.13,,,,
Jun-22-2021,6.08,6.56,5.1,6.29,,,,
Jun-23-2021,6.08,6.56,5.1,6.27,,,,
Jun-24-2021,6.08,6.56,5.1,6.35,,,,
Jun-25-2021,6.08,6.56,5.1,6.39,,,,
Jun-26-2021,6.08,6.56,5.1,6.39,,,,
Jun-27-2021,6.08,6.56,5.1,6.39,,,,
Jun-28-2021,6.08,6.56,5.1,6.37,,,,
Jun-29-2021,6.08,6.56,5.1,6.37,,,,
Jun-30-2021,6.08,6.56,5.1,6.51,,,,
Jul-01-2021,6.08,6.56,5.1,6.45,,,,
Jul-02-2021,6.08,6.56,5.1,6.5,,,,
Jul-03-2021,6.08,6.56,5.1,6.5,,,,
Jul-04-2021,6.06,6.56,5.1,6.5,,,,
Jul-05-2021,6.07,6.56,5.1,6.59,,,,
Jul-06-2021,6.07,6.56,5.1,6.46,,,,
Jul-07-2021,6.07,6.56,5.1,6.54,,,,
Jul-08-2021,6.07,6.56,5.1,6.54,,,,
Jul-09-2021,6.07,6.56,5.1,6.41,,,,
Jul-10-2021,6.07,6.56,5.1,6.41,,,,
Jul-11-2021,6.07,6.56,5.1,6.41,,,,
Jul-12-2021,6.07,6.56,5.1,6.37,,,,
Jul-13-2021,6.07,6.56,5.1,6.42,,,,
Jul-14-2021,6.07,6.56,5.1,6.5,,,,
Jul-15-2021,6.09,6.56,5.1,6.5,,,,
Jul-16-2021,6.09,6.56,5.1,6.57,,,,
Jul-17-2021,6.09,6.56,5.1,6.57,,,,
Jul-18-2021,6.11,6.66,5.1,6.57,,,,
Jul-19-2021,6.19,7.08,5.1,6.58,,,,
Jul-20-2021,6.19,7.08,5.1,6.79,,,,
Jul-21-2021,6.19,7.08,5.1,7,,,,
Jul-22-2021,6.19,7.08,5.1,7.15,,,,
Jul-23-2021,6.19,7.08,5.1,7.15,,,,
Jul-24-2021,6.19,7.08,5.1,7.15,,,,
Jul-25-2021,6.19,7.08,5.1,7.15,,,,
Jul-26-2021,6.19,7.08,5.1,7.24,,,,
Jul-27-2021,6.19,7.08,5.1,7.22,,,,
Jul-28-2021,6.19,7.08,5.1,7.14,,,,
Jul-29-2021,6.19,7.08,5.1,7.07,,,,
Jul-30-2021,6.19,7.08,5.1,7.14,,,,
Jul-31-2021,6.19,7.08,5.1,7.14,,,,
Aug-01-2021,6.19,7.08,5.1,7.14,,,,
Aug-02-2021,6.19,7.08,5.1,7.18,,,,
Aug-03-2021,6.24,7.1,5.1,7.16,,,,
Aug-04-2021,6.24,7.1,5.1,7.21,,,,
Aug-05-2021,6.28,7.1,5.1,7.43,,,,
Aug-06-2021,6.28,7.1,5.1,7.52,,,,
Aug-07-2021,6.28,7.1,5.1,7.52,,,,
Aug-08-2021,6.28,7.1,5.1,7.52,,,,
Aug-09-2021,6.28,7.1,5.1,7.62,,,,
Aug-10-2021,6.28,7.1,5.1,7.7,,,,
Aug-11-2021,6.28,7.1,5.1,7.73,,,,
Aug-12-2021,6.34,7.1,5.1,7.69,,,,
Aug-13-2021,6.34,7.1,5.1,7.71,,,,
Aug-14-2021,6.34,7.1,5.1,7.71,,,,
Aug-15-2021,6.34,7.1,5.1,7.71,,,,
Aug-16-2021,6.34,7.1,5.1,7.67,,,,
Aug-17-2021,6.34,7.1,5.1,7.67,,,,
Aug-18-2021,6.34,7.1,5.1,7.61,,,,
Aug-19-2021,6.34,7.1,5.1,7.89,,,,
Aug-20-2021,6.34,7.1,5.1,7.98,,,,
Aug-21-2021,6.34,7.1,5.1,7.98,,,,
Aug-22-2021,6.34,7.1,5.1,7.98,,,,
Aug-23-2021,6.53,7.42,5.1,7.1,,,,
Aug-24-2021,6.5,7.42,5.1,6.59,,,,
Aug-25-2021,6.5,7.42,5.1,6.6,,,,
Aug-26-2021,6.5,7.42,5.1,6.68,,,,
Aug-27-2021,6.5,7.42,5.1,6.65,,,,
Aug-28-2021,6.5,7.42,5.1,6.65,,,,
Aug-29-2021,6.49,7.42,5.1,6.65,,,,
Aug-30-2021,6.54,7.42,5.1,6.74,,,,
Aug-31-2021,6.54,7.42,5.1,6.77,,,,
Sep-01-2021,6.54,7.42,5.1,6.78,,,,
Sep-02-2021,6.54,7.42,5.1,6.59,,,,
Sep-03-2021,6.54,7.42,5.1,6.7,,,,
Sep-04-2021,6.54,7.42,5.1,6.7,,,,
Sep-05-2021,6.54,7.42,5.1,6.7,,,,
Sep-06-2021,6.54,7.42,5.1,6.7,,,,
Sep-07-2021,6.61,7.42,5.1,6.74,,,,
Sep-08-2021,6.61,7.42,5.1,6.76,,,,
Sep-09-2021,6.61,7.42,5.1,6.58,,,,
Sep-10-2021,6.61,7.42,5.1,6.56,,,,
Sep-11-2021,6.61,7.42,5.1,6.56,,,,
Sep-12-2021,6.61,7.42,5.1,6.56,,,,
Sep-13-2021,6.68,7.42,5.1,6.59,,,,
Sep-14-2021,6.68,7.42,5.1,6.65,,,,
Sep-15-2021,6.68,7.42,5.1,6.74,,,,
Sep-16-2021,6.68,7.42,5.1,6.78,,,,
Sep-17-2021,6.68,7.42,5.1,6.78,,,,
Sep-18-2021,6.68,7.42,5.1,6.78,,,,
Sep-19-2021,6.68,7.42,5.1,6.78,,,,
Sep-20-2021,6.68,7.42,5.1,6.76,,,,
Sep-21-2021,6.68,7.42,5.1,6.85,,,,
Sep-22-2021,6.68,7.42,5.1,6.72,,,,
Sep-23-2021,6.68,7.42,5.1,6.86,,,,
Sep-24-2021,6.68,7.42,5.1,6.8,,,,
Sep-25-2021,6.68,7.42,5.1,6.8,,,,
Sep-26-2021,6.68,7.42,5.1,6.8,,,,
Sep-27-2021,6.68,7.42,5.1,6.87,,,,
Sep-28-2021,6.68,7.42,5.1,6.87,,,,
Sep-29-2021,6.68,7.42,5.1,6.76,,,,
Sep-30-2021,6.68,7.42,5.1,6.97,,,,
Oct-01-2021,6.68,7.42,5.1,6.95,,,,
Oct-02-2021,6.68,7.42,5.1,6.95,,,,
Oct-03-2021,6.69,7.42,5.1,6.95,,,,
Oct-04-2021,6.69,7.42,5.1,6.94,,,,
Oct-05-2021,6.69,7.42,5.1,6.9,,,,
Oct-06-2021,6.69,7.42,5.1,6.99,,,,
Oct-07-2021,6.69,7.42,5.1,7.02,,,,
Oct-08-2021,6.69,7.42,5.1,7.06,,,,
Oct-09-2021,6.69,7.42,5.1,7.06,,,,
Oct-10-2021,6.69,7.42,5.1,7.06,,,,
Oct-11-2021,6.69,7.42,5.1,6.92,,,,
Oct-12-2021,6.69,7.42,5.1,6.82,,,,
Oct-13-2021,6.69,7.42,5.1,6.93,,,,
Oct-14-2021,6.69,7.42,5.1,6.86,,,,
Oct-15-2021,6.69,7.42,5.1,6.84,,,,
Oct-16-2021,6.69,7.42,5.1,6.84,,,,
Oct-17-2021,6.69,7.42,5.1,6.84,,,,
Oct-18-2021,6.69,7.42,5.1,6.88,,,,
Oct-19-2021,6.69,7.42,5.1,6.86,,,,
Oct-20-2021,6.69,7.42,5.1,6.8,,,,
Oct-21-2021,6.69,7.42,5.1,6.91,,,,
Oct-22-2021,6.69,7.42,5.1,6.89,,,,
Oct-23-2021,6.69,7.42,5.1,6.89,,,,
Oct-24-2021,6.69,7.42,5.1,6.89,,,,
Oct-25-2021,6.69,7.42,5.1,6.82,,,,
Oct-26-2021,6.69,7.42,5.1,6.66,,,,
Oct-27-2021,6.69,7.42,5.1,6.74,,,,
Oct-28-2021,6.69,7.42,5.1,6.69,,,,
Oct-29-2021,6.69,7.42,5.1,6.62,,,,
Oct-30-2021,6.69,7.42,5.1,6.62,,,,
Oct-31-2021,6.69,7.42,5.1,6.62,,,,
Nov-01-2021,6.69,7.42,5.1,6.68,,,,
Nov-02-2021,6.69,7.42,5.1,6.72,,,,
Nov-03-2021,6.69,7.42,5.1,6.75,,,,
Nov-04-2021,6.76,7.63,5.1,7.14,,,,
Nov-05-2021,6.76,7.63,5.1,7.3,,,,
Nov-06-2021,6.76,7.63,5.1,7.3,,,,
Nov-07-2021,6.89,7.63,5.1,7.3,,,,
Nov-08-2021,6.9,7.66,5.1,7.3,,,,
Nov-09-2021,6.93,7.8,5.1,7.29,,,,
Nov-10-2021,6.93,7.8,5.1,7.27,,,,
Nov-11-2021,6.93,7.8,5.1,7.25,,,,
Nov-12-2021,6.93,7.8,5.1,7.15,,,,
Nov-13-2021,6.93,7.8,5.1,7.15,,,,
Nov-14-2021,6.93,7.8,5.1,7.15,,,,
Nov-15-2021,6.93,7.8,5.1,7.18,,,,
Nov-16-2021,6.93,7.8,5.1,7.01,,,,
Nov-17-2021,6.93,7.8,5.1,7.04,,,,
Nov-18-2021,6.93,7.8,5.1,7.09,,,,
Nov-19-2021,6.93,7.8,5.1,7.1,,,,
Nov-20-2021,6.93,7.8,5.1,7.1,,,,
Nov-21-2021,6.93,7.8,5.1,7.1,,,,
Nov-22-2021,6.93,7.8,5.1,7.09,,,,
Nov-23-2021,6.93,7.8,5.1,7.05,,,,
Nov-24-2021,6.93,7.8,5.1,7,,,,
Nov-25-2021,6.93,7.8,5.1,7.02,,,,
Nov-26-2021,6.93,7.8,5.1,6.88,,,,
Nov-27-2021,6.93,7.8,5.1,6.88,,,,
Nov-28-2021,6.93,7.8,5.1,6.88,,,,
Nov-29-2021,6.93,7.8,5.1,6.85,,,,
Nov-30-2021,6.93,7.8,5.1,7,,,,
Dec-01-2021,6.93,7.8,5.1,7.05,,,,
Dec-02-2021,6.93,7.8,5.1,6.93,,,,
Dec-03-2021,6.93,7.8,5.1,6.96,,,,
Dec-04-2021,6.93,7.8,5.1,6.96,,,,
Dec-05-2021,6.93,7.8,5.1,6.96,,,,
Dec-06-2021,6.93,7.8,5.1,6.93,,,,
Dec-07-2021,6.93,7.8,5.1,6.79,,,,
Dec-08-2021,6.93,7.8,5.1,6.69,,,,
Dec-09-2021,6.93,7.8,5.1,6.77,,,,
Dec-10-2021,6.93,7.8,5.1,7.1,,,,
Dec-11-2021,6.93,7.8,5.1,7.1,,,,
Dec-12-2021,6.93,7.8,5.1,7.1,,,,
Dec-13-2021,6.93,7.8,5.1,6.86,,,,
Dec-14-2021,6.93,7.8,5.1,7.05,,,,
Dec-15-2021,6.93,7.8,5.1,6.91,,,,
Dec-16-2021,6.93,7.8,5.1,6.9,,,,
Dec-17-2021,6.93,7.8,5.1,6.92,,,,
Dec-18-2021,6.93,7.8,5.1,6.92,,,,
Dec-19-2021,6.93,7.8,5.1,6.92,,,,
Dec-20-2021,6.93,7.8,5.1,6.9,,,,
Dec-21-2021,6.93,7.8,5.1,6.97,,,,
Dec-22-2021,6.93,7.8,5.1,6.93,,,,
Dec-23-2021,6.93,7.8,5.1,7.02,,,,
Dec-24-2021,6.93,7.8,5.1,7.03,,,,
Dec-25-2021,6.93,7.8,5.1,7.03,,,,
Dec-26-2021,6.93,7.8,5.1,7.03,,,,
Dec-27-2021,6.93,7.8,5.1,7.03,,,,
Dec-28-2021,6.93,7.8,5.1,7.03,,,,
Dec-29-2021,6.93,7.8,5.1,7.2,,,,
Dec-30-2021,6.93,7.8,5.1,7.13,,,,
Dec-31-2021,6.93,7.8,5.1,7.01,,,,
Jan-01-2022,6.93,7.8,5.1,7.01,,,,
Jan-02-2022,6.93,7.8,5.1,7.01,,,,
Jan-03-2022,6.93,7.8,5.1,7.01,,,,
Jan-04-2022,6.92,7.8,5.1,7.28,,,,
Jan-05-2022,6.92,7.8,5.1,7.16,,,,
Jan-06-2022,6.92,7.8,5.1,6.97,,,,
Jan-07-2022,6.92,7.8,5.1,7.23,,,,
Jan-08-2022,6.92,7.8,5.1,7.23,,,,
Jan-09-2022,6.92,7.8,5.1,7.23,,,,
Jan-10-2022,6.92,7.8,5.1,7.04,,,,
Jan-11-2022,6.92,7.8,5.1,7.01,,,,
Jan-12-2022,6.92,7.8,5.1,6.99,,,,
Jan-13-2022,6.92,7.8,5.1,6.89,,,,
Jan-14-2022,6.92,7.8,5.1,6.78,,,,
Jan-15-2022,6.92,7.8,5.1,6.78,,,,
Jan-16-2022,6.96,7.8,5.1,6.78,,,,
Jan-17-2022,6.96,7.8,5.1,6.82,,,,
Jan-18-2022,6.96,7.8,5.1,6.72,,,,
Jan-19-2022,6.96,7.8,5.1,6.84,,,,
Jan-20-2022,6.96,7.8,5.1,6.7,,,,
Jan-21-2022,6.96,7.8,5.1,6.54,,,,
Jan-22-2022,6.96,7.8,5.1,6.54,,,,
Jan-23-2022,6.96,7.8,5.1,6.54,,,,
Jan-24-2022,6.96,7.8,5.1,6.47,,,,
Jan-25-2022,6.96,7.8,5.1,6.34,,,,
Jan-26-2022,6.96,7.8,5.1,6.34,,,,
Jan-27-2022,6.96,7.8,5.1,6.28,,,,
Jan-28-2022,6.9,7.8,5.1,6.63,,,,
Jan-29-2022,6.9,7.8,5.1,6.63,,,,
Jan-30-2022,6.9,7.8,5.1,6.63,,,,
Jan-31-2022,6.9,7.8,5.1,6.23,,,,
Feb-01-2022,6.9,7.8,5.1,6.38,,,,
Feb-02-2022,6.9,7.8,5.1,6.36,,,,
Feb-03-2022,6.88,7.8,5.1,6.44,,,,
Feb-04-2022,6.88,7.8,5.1,6.52,,,,
Feb-05-2022,6.88,7.8,5.1,6.52,,,,
Feb-06-2022,6.88,7.8,5.1,6.52,,,,
Feb-07-2022,6.88,7.8,5.1,6.51,,,,
Feb-08-2022,6.88,7.8,5.1,6.5,,,,
Feb-09-2022,6.91,7.8,5.1,6.63,,,,
Feb-10-2022,6.91,7.8,5.1,6.7,,,,
Feb-11-2022,6.91,7.8,5.1,6.58,,,,
Feb-12-2022,6.91,7.8,5.1,6.58,,,,
Feb-13-2022,6.91,7.8,5.1,6.58,,,,
Feb-14-2022,6.91,7.8,5.1,6.57,,,,
Feb-15-2022,6.91,7.8,5.1,6.58,,,,
Feb-16-2022,6.91,7.8,5.1,6.72,,,,
Feb-17-2022,6.91,7.8,5.1,6.61,,,,
Feb-18-2022,6.91,7.8,5.1,6.64,,,,
Feb-19-2022,6.91,7.8,5.1,6.64,,,,
Feb-20-2022,6.91,7.8,5.1,6.64,,,,
Feb-21-2022,6.91,7.8,5.8,6.63,,,,
Feb-22-2022,6.88,7.8,5.8,6.78,,,,
Feb-23-2022,6.88,7.8,5.8,6.81,,,,
Feb-24-2022,6.88,7.8,5.8,6.65,,,,
Feb-25-2022,6.88,7.8,5.8,6.45,,,,
Feb-26-2022,6.88,7.8,5.8,6.45,,,,
Feb-27-2022,6.81,7.8,5.8,6.45,,,,
Feb-28-2022,6.81,7.8,5.8,6.53,,,,
Mar-01-2022,6.76,7.8,5.8,6.67,,,,
Mar-02-2022,6.76,7.8,5.8,6.48,,,,
Mar-03-2022,6.76,7.8,5.8,6.36,,,,
Mar-04-2022,6.76,7.8,5.8,6.34,,,,
Mar-05-2022,6.76,7.8,5.8,6.34,,,,
Mar-06-2022,6.76,7.8,5.8,6.34,,,,
Mar-07-2022,6.76,7.8,5.8,6.26,,,,
Mar-08-2022,6.76,7.8,5.8,6.25,,,,
Mar-09-2022,6.76,7.8,5.8,6.31,,,,
Mar-10-2022,6.76,7.8,5.8,6.32,,,,
Mar-11-2022,6.76,7.8,5.8,6.22,,,,
Mar-12-2022,6.76,7.8,5.8,6.22,,,,
Mar-13-2022,6.76,7.8,5.8,6.22,,,,
Mar-14-2022,6.76,7.8,5.8,6.48,,,,
Mar-15-2022,6.76,7.8,5.8,6.6,,,,
Mar-16-2022,6.76,7.8,5.8,6.75,,,,
Mar-17-2022,6.76,7.8,5.8,6.77,,,,
Mar-18-2022,6.76,7.8,5.8,6.64,,,,
Mar-19-2022,6.76,7.8,5.8,6.64,,,,
Mar-20-2022,6.76,7.8,5.8,6.64,,,,
Mar-21-2022,6.76,7.8,5.8,6.57,,,,
Mar-22-2022,6.76,7.8,5.8,6.5,,,,
Mar-23-2022,6.76,7.8,5.8,6.48,,,,
Mar-24-2022,6.76,7.8,5.8,6.42,,,,
Mar-25-2022,6.76,7.8,5.8,6.45,,,,
Mar-26-2022,6.76,7.8,5.8,6.45,,,,
Mar-27-2022,6.76,7.8,5.8,6.45,,,,
Mar-28-2022,6.76,7.8,5.8,6.38,,,,
Mar-29-2022,6.76,7.8,5.8,6.45,,,,
Mar-30-2022,6.76,7.8,5.8,6.43,,,,
Mar-31-2022,6.76,7.8,5.8,6.36,,,,
Apr-01-2022,6.76,7.8,5.8,6.28,,,,
Apr-02-2022,6.76,7.8,5.8,6.28,,,,
Apr-03-2022,6.76,7.8,5.8,6.28,,,,
Apr-04-2022,6.76,7.8,5.8,6.34,,,,
Apr-05-2022,6.76,7.8,5.8,6.44,,,,
Apr-06-2022,6.76,7.8,5.8,6.44,,,,
Apr-07-2022,6.76,7.8,5.8,6.42,,,,
Apr-08-2022,6.76,7.8,5.8,6.41,,,,
Apr-09-2022,6.76,7.8,5.8,6.41,,,,
Apr-10-2022,6.76,7.8,5.8,6.41,,,,
Apr-11-2022,6.75,7.8,5.8,6.45,,,,
Apr-12-2022,6.75,7.8,5.8,6.39,,,,
Apr-13-2022,6.75,7.8,5.8,6.39,,,,
Apr-14-2022,6.75,7.8,5.8,6.52,,,,
Apr-15-2022,6.75,7.8,5.8,6.52,,,,
Apr-16-2022,6.75,7.8,5.8,6.52,,,,
Apr-17-2022,6.75,7.8,5.8,6.52,,,,
Apr-18-2022,6.75,7.8,5.8,6.52,,,,
Apr-19-2022,6.75,7.8,5.8,6.63,,,,
Apr-20-2022,6.75,7.8,5.8,6.66,,,,
Apr-21-2022,6.75,7.8,5.8,6.83,,,,
Apr-22-2022,6.75,7.8,5.8,6.86,,,,
Apr-23-2022,6.75,7.8,5.8,6.86,,,,
Apr-24-2022,6.75,7.8,5.8,6.86,,,,
Apr-25-2022,6.75,7.8,5.8,6.86,,,,
Apr-26-2022,6.75,7.8,5.8,6.77,,,,
Apr-27-2022,6.75,7.8,5.8,6.99,,,,
Apr-28-2022,6.75,7.8,5.8,7.01,,,,
Apr-29-2022,6.75,7.8,5.8,7.08,,,,
Apr-30-2022,6.75,7.8,5.8,7.08,,,,
May-01-2022,6.75,7.8,5.8,7.08,,,,
May-02-2022,6.79,7.8,5.8,7.07,,,,
May-03-2022,6.79,7.8,5.8,7.02,,,,
May-04-2022,6.79,7.8,5.8,7.12,,,,
May-05-2022,6.82,8.1,5.8,7.23,,,,
May-06-2022,6.85,8.1,5.8,7.2,,,,
May-07-2022,6.85,8.1,5.8,7.2,,,,
May-08-2022,6.85,8.1,5.8,7.2,,,,
May-09-2022,6.84,8.1,5.8,7.13,,,,
May-10-2022,6.84,8.1,5.8,7.2,,,,
May-11-2022,6.84,8.1,5.8,7.24,,,,
May-12-2022,6.84,8.1,5.8,7.13,,,,
May-13-2022,6.84,8.1,5.8,7.28,,,,
May-14-2022,6.84,8.1,5.8,7.28,,,,
May-15-2022,6.84,8.1,5.8,7.28,,,,
May-16-2022,6.84,8.1,5.8,7.15,,,,
May-17-2022,6.84,8.1,5.8,7.25,,,,
May-18-2022,6.84,8.1,5.8,7.17,,,,
May-19-2022,6.84,8.1,5.8,7.15,,,,
May-20-2022,6.84,8.1,5.8,7.17,,,,
May-21-2022,6.84,8.1,5.8,7.17,,,,
May-22-2022,6.84,8.1,5.8,7.17,,,,
May-23-2022,6.84,8.1,5.8,7.2,,,,
May-24-2022,6.84,8.1,5.8,7.2,,,,
May-25-2022,6.84,8.1,5.8,7.42,,,,
May-26-2022,6.86,8.1,5.8,7.27,,,,
May-27-2022,6.86,8.1,5.8,7.36,,,,
May-28-2022,6.86,8.1,5.8,7.36,,,,
May-29-2022,6.86,8.1,5.8,7.36,,,,
May-30-2022,6.86,8.1,5.8,7.41,,,,
May-31-2022,6.86,8.1,5.8,7.39,,,,
Jun-01-2022,6.86,8.1,5.8,7.48,,,,
Jun-02-2022,6.86,8.1,5.8,7.37,,,,
Jun-03-2022,6.86,8.1,5.8,7.35,,,,
Jun-04-2022,6.86,8.1,5.8,7.35,,,,
Jun-05-2022,6.91,8.1,5.8,7.35,,,,
Jun-06-2022,6.91,8.1,5.8,7.35,,,,
Jun-07-2022,6.91,8.1,5.8,7.32,,,,
Jun-08-2022,6.91,8.1,5.8,7.44,,,,
Jun-09-2022,6.91,8.1,5.8,7.42,,,,
Jun-10-2022,6.91,8.1,5.8,7.17,,,,
Jun-11-2022,6.91,8.1,5.8,7.17,,,,
Jun-12-2022,6.91,8.1,5.8,7.17,,,,
Jun-13-2022,6.91,8.1,5.8,7.17,,,,
Jun-14-2022,6.91,8.1,5.8,7.02,,,,
Jun-15-2022,6.91,8.1,5.8,7.18,,,,
Jun-16-2022,6.91,8.1,5.8,7.24,,,,
Jun-17-2022,6.91,8.1,5.8,7.13,,,,
Jun-18-2022,6.91,8.1,5.8,7.13,,,,
Jun-19-2022,6.91,8.1,5.8,7.13,,,,
Jun-20-2022,6.91,8.1,5.8,7.12,,,,
Jun-21-2022,6.91,8.1,5.8,7.29,,,,
Jun-22-2022,6.91,8.1,5.8,7.24,,,,
Jun-23-2022,6.91,8.1,5.8,7.31,,,,
Jun-24-2022,6.91,8.1,5.8,7.37,,,,
Jun-25-2022,6.91,8.1,5.8,7.37,,,,
Jun-26-2022,6.91,8.1,5.8,7.37,,,,
Jun-27-2022,6.91,8.1,5.8,7.41,,,,
Jun-28-2022,6.91,8.1,5.8,7.44,,,,
Jun-29-2022,6.91,8.1,5.8,7.42,,,,
Jun-30-2022,6.91,8.1,5.8,7.38,,,,
Jul-01-2022,6.91,8.1,5.8,7.36,,,,
Jul-02-2022,6.91,8.1,5.8,7.36,,,,
Jul-03-2022,6.91,8.1,5.8,7.36,,,,
Jul-04-2022,6.91,8.1,5.8,7.46,,,,
Jul-05-2022,6.9,8.1,5.8,7.39,,,,
Jul-06-2022,6.9,8.1,5.8,7.51,,,,
Jul-07-2022,6.9,8.1,5.8,7.52,,,,
Jul-08-2022,6.9,8.1,5.8,7.46,,,,
Jul-09-2022,6.9,8.1,5.8,7.46,,,,
Jul-10-2022,6.9,8.1,5.8,7.46,,,,
Jul-11-2022,6.89,8.1,5.8,7.45,,,,
Jul-12-2022,6.89,8.1,5.8,7.66,,,,
Jul-13-2022,6.89,8.1,5.8,7.54,,,,
Jul-14-2022,6.89,8.1,5.8,7.54,,,,
Jul-15-2022,6.89,8.1,5.8,7.59,,,,
Jul-16-2022,6.89,8.1,5.8,7.59,,,,
Jul-17-2022,6.89,8.1,5.8,7.59,,,,
Jul-18-2022,6.89,8.1,5.8,7.41,,,,
Jul-19-2022,6.96,8.1,5.8,7.52,,,,
Jul-20-2022,6.96,8.1,5.8,7.28,,,,
Jul-21-2022,6.96,8.1,5.8,7.2,,,,
Jul-22-2022,6.96,8.1,5.8,7.25,,,,
Jul-23-2022,6.96,8.1,5.8,7.25,,,,
Jul-24-2022,6.96,8.1,5.8,7.25,,,,
Jul-25-2022,6.96,8.1,5.8,7.29,,,,
Jul-26-2022,6.96,7.9,5.8,7.41,,,,
Jul-27-2022,7.04,7.9,5.8,7.53,,,,
Jul-28-2022,7.04,7.9,5.8,7.32,,,,
Jul-29-2022,6.99,7.9,5.8,7.24,,,,
Jul-30-2022,6.99,7.9,5.8,7.24,,,,
Jul-31-2022,6.99,7.9,5.8,7.24,,,,
Aug-01-2022,6.99,7.9,5.8,7.16,,,,
Aug-02-2022,6.99,7.9,5.8,7.33,,,,
Aug-03-2022,6.99,7.9,5.8,7.29,,,,
Aug-04-2022,7,7.9,5.8,7.32,,,,
Aug-05-2022,7,7.9,5.8,7.29,,,,
Aug-06-2022,7,7.9,5.8,7.29,,,,
Aug-07-2022,7,7.9,5.8,7.29,,,,
Aug-08-2022,7,7.9,5.8,7.15,,,,
Aug-09-2022,7,7.9,5.8,7.23,,,,
Aug-10-2022,7,7.9,5.8,7.19,,,,
Aug-11-2022,7,7.9,5.8,7.19,,,,
Aug-12-2022,7,7.9,5.8,7.14,,,,
Aug-13-2022,7,7.9,5.8,7.14,,,,
Aug-14-2022,7,7.9,5.8,7.14,,,,
Aug-15-2022,7,7.9,5.8,6.95,,,,
Aug-16-2022,7,7.9,5.8,7.12,,,,
Aug-17-2022,7,7.9,5.8,7.13,,,,
Aug-18-2022,7,7.9,5.8,7.18,,,,
Aug-19-2022,7,7.9,5.8,7.27,,,,
Aug-20-2022,7,7.9,5.8,7.27,,,,
Aug-21-2022,7,7.9,5.8,7.27,,,,
Aug-22-2022,7.49,8.36,6.4,7.78,,,,
Aug-23-2022,7.51,8.36,6.4,7.81,,,,
Aug-24-2022,7.51,8.36,6.4,7.84,,,,
Aug-25-2022,7.51,8.36,6.4,7.86,,,,
Aug-26-2022,7.51,8.36,6.4,8.03,,,,
Aug-27-2022,7.51,8.36,6.4,8.03,,,,
Aug-28-2022,7.58,8.36,6.4,8.03,,,,
Aug-29-2022,7.58,8.36,6.4,7.81,,,,
Aug-30-2022,7.58,8.36,6.4,8.05,,,,
Aug-31-2022,7.58,8.36,6.4,8.18,,,,
Sep-01-2022,7.58,8.36,6.4,8.08,,,,
Sep-02-2022,7.58,8.36,6.4,8,,,,
Sep-03-2022,7.58,8.36,6.4,8,,,,
Sep-04-2022,7.58,8.36,6.4,8,,,,
Sep-05-2022,7.58,8.36,6.4,7.79,,,,
Sep-06-2022,7.58,8.36,6.4,7.77,,,,
Sep-07-2022,7.58,8.36,6.4,7.74,,,,
Sep-08-2022,7.58,8.36,6.4,7.69,,,,
Sep-09-2022,7.58,8.36,6.4,7.69,,,,
Sep-10-2022,7.58,8.36,6.4,7.69,,,,
Sep-11-2022,7.58,8.36,6.4,7.69,,,,
Sep-12-2022,7.65,8.36,6.4,7.74,,,,
Sep-13-2022,7.65,8.36,6.4,7.89,,,,
Sep-14-2022,7.65,8.36,6.4,7.82,,,,
Sep-15-2022,7.65,8.36,6.4,7.92,,,,
Sep-16-2022,7.65,8.36,6.4,7.95,,,,
Sep-17-2022,7.65,8.36,6.4,7.95,,,,
Sep-18-2022,7.65,8.36,6.4,7.95,,,,
Sep-19-2022,7.65,8.36,6.4,7.83,,,,
Sep-20-2022,7.65,8.36,6.4,7.77,,,,
Sep-21-2022,7.65,8.36,6.4,7.59,,,,
Sep-22-2022,7.65,8.36,6.4,7.59,,,,
Sep-23-2022,7.65,8.36,6.4,7.56,,,,
Sep-24-2022,7.65,8.36,6.4,7.56,,,,
Sep-25-2022,7.65,8.36,6.4,7.56,,,,
Sep-26-2022,7.65,8.36,6.4,7.42,,,,
Sep-27-2022,7.65,8.36,6.4,7.35,,,,
Sep-28-2022,7.65,8.36,6.4,7.4,,,,
Sep-29-2022,7.65,8.36,6.4,7.49,,,,
Sep-30-2022,7.65,8.36,6.4,7.43,,,,
Oct-01-2022,7.65,8.36,6.4,7.43,,,,
Oct-02-2022,7.65,8.36,6.4,7.43,,,,
Oct-03-2022,7.65,8.36,6.4,7.35,,,,
Oct-04-2022,7.65,8.36,6.4,7.46,,,,
Oct-05-2022,7.65,8.36,6.4,7.5,,,,
Oct-06-2022,7.65,8.36,6.4,7.55,,,,
Oct-07-2022,7.65,8.36,6.4,7.48,,,,
Oct-08-2022,7.65,8.36,6.4,7.48,,,,
Oct-09-2022,7.65,8.36,6.4,7.48,,,,
Oct-10-2022,7.65,8.36,6.4,7.46,,,,
Oct-11-2022,7.65,8.36,6.4,7.51,,,,
Oct-12-2022,7.63,8.36,6.9,7.51,,,,
Oct-13-2022,7.63,8.36,6.9,6.61,,,,
Oct-14-2022,7.63,8.36,6.9,6.91,,,,
Oct-15-2022,7.63,8.36,6.9,6.91,,,,
Oct-16-2022,7.6,8.36,6.9,6.91,,,,
Oct-17-2022,7.6,8.36,6.9,6.72,,,,
Oct-18-2022,7.6,8.27,6.9,6.74,,,,
Oct-19-2022,7.6,8.27,6.9,6.85,,,,
Oct-20-2022,7.6,8.27,6.9,6.81,,,,
Oct-21-2022,7.6,8.27,6.9,6.7,,,,
Oct-22-2022,7.6,8.27,6.9,6.7,,,,
Oct-23-2022,7.6,8.27,6.9,6.7,,,,
Oct-24-2022,7.6,8.27,6.9,6.77,,,,
Oct-25-2022,7.6,8.27,6.9,6.76,,,,
Oct-26-2022,7.6,8.27,6.9,6.76,,,,
Oct-27-2022,7.6,8.27,6.9,6.67,,,,
Oct-28-2022,7.6,8.27,6.9,6.52,,,,
Oct-29-2022,7.6,8.27,6.9,6.52,,,,
Oct-30-2022,7.59,8.27,6.9,6.52,,,,
Oct-31-2022,7.59,8.27,6.9,6.67,,,,
Nov-01-2022,7.59,8.27,6.9,6.85,,,,
Nov-02-2022,7.59,8.27,6.9,6.96,,,,
Nov-03-2022,7.59,8.27,6.9,6.91,,,,
Nov-04-2022,7.59,8.27,6.9,6.81,,,,
Nov-05-2022,7.59,8.27,6.9,6.81,,,,
Nov-06-2022,7.59,8.27,6.9,6.81,,,,
Nov-07-2022,7.59,8.27,6.9,6.91,,,,
Nov-08-2022,7.59,8.27,6.9,6.89,,,,
Nov-09-2022,7.59,8.27,6.9,6.97,,,,
Nov-10-2022,7.59,8.27,6.9,6.89,,,,
Nov-11-2022,7.59,8.27,6.9,6.84,,,,
Nov-12-2022,7.59,8.27,6.9,6.84,,,,
Nov-13-2022,7.59,8.27,6.9,6.84,,,,
Nov-14-2022,7.59,8.27,6.9,6.71,,,,
Nov-15-2022,7.59,8.27,6.9,6.81,,,,
Nov-16-2022,7.59,8.27,6.9,6.74,,,,
Nov-17-2022,7.59,8.27,6.9,6.9,,,,
Nov-18-2022,7.62,8.54,6.9,7.12,,,,
Nov-19-2022,7.62,8.54,6.9,7.12,,,,
Nov-20-2022,7.58,8.54,6.9,7.12,,,,
Nov-21-2022,7.58,8.54,6.9,7.24,,,,
Nov-22-2022,7.58,8.54,6.9,7.2,,,,
Nov-23-2022,7.58,8.54,6.9,7.22,,,,
Nov-24-2022,7.58,8.54,6.9,7.15,,,,
Nov-25-2022,7.58,8.54,6.9,7.2,,,,
Nov-26-2022,7.58,8.54,6.9,7.2,,,,
Nov-27-2022,7.58,8.54,6.9,7.2,,,,
Nov-28-2022,7.58,8.54,6.9,7.25,,,,
Nov-29-2022,7.58,8.54,6.9,7.2,,,,
Nov-30-2022,7.58,8.54,6.9,7.3,,,,
Dec-01-2022,7.58,8.54,6.9,7.23,,,,
Dec-02-2022,7.58,8.54,6.9,7.13,,,,
Dec-03-2022,7.58,8.54,6.9,7.13,,,,
Dec-04-2022,7.58,8.54,6.9,7.13,,,,
Dec-05-2022,7.58,8.54,6.9,7.08,,,,
Dec-06-2022,7.58,8.54,6.9,7.06,,,,
Dec-07-2022,7.58,8.54,6.9,7.23,,,,
Dec-08-2022,7.58,8.54,6.9,7.17,,,,
Dec-09-2022,7.58,8.54,6.9,7.2,,,,
Dec-10-2022,7.58,8.54,6.9,7.2,,,,
Dec-11-2022,7.58,8.54,6.9,7.2,,,,
Dec-12-2022,7.56,8.54,6.9,7.17,,,,
Dec-13-2022,7.56,8.54,6.9,7.23,,,,
Dec-14-2022,7.56,8.54,6.9,7.28,,,,
Dec-15-2022,7.56,8.54,6.9,7.21,,,,
Dec-16-2022,7.56,8.54,6.9,7.27,,,,
Dec-17-2022,7.56,8.54,6.9,7.27,,,,
Dec-18-2022,7.56,8.54,6.9,7.27,,,,
Dec-19-2022,7.56,8.54,6.9,7.34,,,,
Dec-20-2022,7.56,8.54,6.9,7.25,,,,
Dec-21-2022,7.56,8.54,6.9,7.44,,,,
Dec-22-2022,7.56,8.54,6.9,7.7,,,,
Dec-23-2022,7.56,8.54,6.9,7.73,,,,
Dec-24-2022,7.56,8.54,6.9,7.73,,,,
Dec-25-2022,7.56,8.54,6.9,7.73,,,,
Dec-26-2022,7.56,8.54,6.9,7.73,,,,
Dec-27-2022,7.56,8.54,6.9,7.73,,,,
Dec-28-2022,7.56,8.54,6.9,7.77,,,,
Dec-29-2022,7.56,8.54,6.9,7.76,,,,
Dec-30-2022,7.56,8.54,6.9,7.75,,,,
Dec-31-2022,7.56,8.54,6.9,7.75,,,,
Jan-01-2023,7.56,8.54,6.9,7.75,,,,
Jan-02-2023,7.56,8.54,6.9,7.75,,,,
Jan-03-2023,7.56,8.54,6.9,7.61,,,,
Jan-04-2023,7.56,8.54,6.9,7.79,,,,
Jan-05-2023,7.56,8.54,6.9,7.69,,,,
Jan-06-2023,7.56,8.54,6.9,7.67,,,,
Jan-07-2023,7.56,8.54,6.9,7.67,,,,
Jan-08-2023,7.56,8.54,6.9,7.67,,,,
Jan-09-2023,7.56,8.54,6.9,7.63,,,,
Jan-10-2023,7.58,8.54,6.9,7.56,,,,
Jan-11-2023,7.58,8.54,6.9,7.58,,,,
Jan-12-2023,7.62,8.54,6.9,7.67,,,,
Jan-13-2023,7.62,8.54,6.9,7.7,,,,
Jan-14-2023,7.62,8.54,6.9,7.7,,,,
Jan-15-2023,7.59,8.35,6.9,7.7,,,,
Jan-16-2023,7.59,8.35,6.9,7.66,,,,
Jan-17-2023,7.59,8.35,6.9,7.7,,,,
Jan-18-2023,7.59,8.35,6.9,7.73,,,,
Jan-19-2023,7.59,8.35,6.9,7.79,,,,
Jan-20-2023,7.59,8.35,6.9,7.78,,,,
Jan-21-2023,7.59,8.35,6.9,7.78,,,,
Jan-22-2023,7.6,8.35,6.9,7.78,,,,
Jan-23-2023,7.61,8.35,6.9,7.85,,,,
Jan-24-2023,7.61,8.35,6.9,7.89,,,,
Jan-25-2023,7.64,8.35,6.9,7.89,,,,
Jan-26-2023,7.64,8.35,6.9,7.89,,,,
Jan-27-2023,7.64,8.35,6.9,7.94,,,,
Jan-28-2023,7.64,8.35,6.9,7.94,,,,
Jan-29-2023,7.64,8.35,6.9,7.94,,,,
Jan-30-2023,7.64,8.35,6.9,7.8,,,,
Jan-31-2023,7.64,8.35,6.9,7.87,,,,
Feb-01-2023,7.65,8.35,6.9,7.8,,,,
Feb-02-2023,7.65,8.35,6.9,7.74,,,,
Feb-03-2023,7.65,8.35,6.9,7.74,,,,
Feb-04-2023,7.65,8.35,6.9,7.74,,,,
Feb-05-2023,7.68,8.35,6.9,7.74,,,,
Feb-06-2023,7.68,8.35,6.9,7.86,,,,
Feb-07-2023,7.68,8.35,6.9,7.94,,,,
Feb-08-2023,7.68,8.35,6.9,8.04,,,,
Feb-09-2023,7.68,8.35,6.9,7.96,,,,
Feb-10-2023,7.68,8.35,6.9,8.01,,,,
Feb-11-2023,7.68,8.35,6.9,8.01,,,,
Feb-12-2023,7.68,8.35,6.9,8.01,,,,
Feb-13-2023,7.68,8.35,6.9,8,,,,
Feb-14-2023,7.68,8.35,6.9,7.9,,,,
Feb-15-2023,7.68,8.35,6.9,7.98,,,,
Feb-16-2023,7.68,8.35,6.9,8.04,,,,
Feb-17-2023,7.68,8.35,6.9,7.94,,,,
Feb-18-2023,7.68,8.35,6.9,7.94,,,,
Feb-19-2023,7.68,8.35,6.9,7.94,,,,
Feb-20-2023,7.62,8.5,6.95,7.02,,,,
Feb-21-2023,7.62,8.5,6.95,7.17,,,,
Feb-22-2023,7.62,8.5,6.95,7.33,,,,
Feb-23-2023,7.62,8.5,6.95,7.42,,,,
Feb-24-2023,7.62,8.5,6.95,7.44,,,,
Feb-25-2023,7.62,8.5,6.95,7.44,,,,
Feb-26-2023,7.64,8.5,6.95,7.44,,,,
Feb-27-2023,7.64,8.5,6.95,7.49,,,,
Feb-28-2023,7.64,8.5,6.95,7.6,,,,
Mar-01-2023,7.64,8.5,6.95,7.58,,,,
Mar-02-2023,7.64,8.5,6.95,7.47,,,,
Mar-03-2023,7.64,8.5,6.95,7.39,,,,
Mar-04-2023,7.64,8.5,6.95,7.39,,,,
Mar-05-2023,7.64,8.5,6.95,7.39,,,,
Mar-06-2023,7.64,8.5,6.95,7.3,,,,
Mar-07-2023,7.64,8.5,6.95,7.31,,,,
Mar-08-2023,7.64,8.5,6.95,7.22,,,,
Mar-09-2023,7.64,8.5,6.95,7.36,,,,
Mar-10-2023,7.64,8.5,6.95,7.25,,,,
Mar-11-2023,7.64,8.5,6.95,7.25,,,,
Mar-12-2023,7.64,8.5,6.95,7.25,,,,
Mar-13-2023,7.64,8.5,6.95,7.04,,,,
Mar-14-2023,7.64,8.5,6.95,6.88,,,,
Mar-15-2023,7.64,8.5,6.95,7,,,,
Mar-16-2023,7.64,8.5,6.95,6.99,,,,
Mar-17-2023,7.64,8.5,6.95,6.89,,,,
Mar-18-2023,7.64,8.5,6.95,6.89,,,,
Mar-19-2023,7.64,8.5,6.95,6.89,,,,
Mar-20-2023,7.64,8.5,6.95,6.81,,,,
Mar-21-2023,7.64,8.5,6.95,6.83,,,,
Mar-22-2023,7.64,8.5,6.95,6.97,,,,
Mar-23-2023,7.64,8.5,6.95,7,,,,
Mar-24-2023,7.64,8.5,6.95,6.93,,,,
Mar-25-2023,7.64,8.5,6.95,6.93,,,,
Mar-26-2023,7.64,8.5,6.95,6.93,,,,
Mar-27-2023,7.64,8.5,6.95,7,,,,
Mar-28-2023,7.64,8.5,6.95,6.92,,,,
Mar-29-2023,7.64,8.5,6.95,6.97,,,,
Mar-30-2023,7.64,8.5,6.95,6.98,,,,
Mar-31-2023,7.64,8.5,6.95,7.05,,,,
Apr-01-2023,7.64,8.5,6.95,7.05,,,,
Apr-02-2023,7.64,8.5,6.95,7.05,,,,
Apr-03-2023,7.64,8.5,6.95,7.06,,,,
Apr-04-2023,7.64,8.5,6.95,7.16,,,,
Apr-05-2023,7.64,8.5,6.95,7.22,,,,
Apr-06-2023,7.64,8.5,6.95,7.23,,,,
Apr-07-2023,7.64,8.5,6.95,7.23,,,,
Apr-08-2023,7.64,8.5,6.95,7.23,,,,
Apr-09-2023,7.64,8.5,6.95,7.23,,,,
Apr-10-2023,7.64,8.5,6.95,7.23,,,,
Apr-11-2023,7.62,8.5,6.95,7.24,,,,
Apr-12-2023,7.62,8.5,6.95,7.39,,,,
Apr-13-2023,7.62,8.5,6.95,7.39,,,,
Apr-14-2023,7.62,8.5,6.95,7.45,,,,
Apr-15-2023,7.62,8.5,6.95,7.45,,,,
Apr-16-2023,7.62,8.5,6.95,7.45,,,,
Apr-17-2023,7.62,8.5,6.95,7.45,,,,
Apr-18-2023,7.62,8.5,6.95,7.39,,,,
Apr-19-2023,7.62,8.5,6.95,7.48,,,,
Apr-20-2023,7.62,8.5,6.95,7.57,,,,
Apr-21-2023,7.62,8.5,6.95,7.64,,,,
Apr-22-2023,7.62,8.5,6.95,7.64,,,,
Apr-23-2023,7.62,8.5,6.95,7.64,,,,
Apr-24-2023,7.62,8.5,6.95,7.7,,,,
Apr-25-2023,7.62,8.5,6.95,7.7,,,,
Apr-26-2023,7.62,8.5,6.95,7.75,,,,
Apr-27-2023,7.62,8.5,6.95,7.69,,,,
Apr-28-2023,7.62,8.5,6.95,7.72,,,,
Apr-29-2023,7.62,8.5,6.95,7.72,,,,
Apr-30-2023,7.62,8.5,6.95,7.72,,,,
May-01-2023,7.64,8.5,6.95,7.58,,,,
May-02-2023,7.64,8.5,6.95,7.63,,,,
May-03-2023,7.64,8.5,6.95,7.52,,,,
May-04-2023,7.67,8.9,6.95,7.71,,,,
May-05-2023,7.68,8.9,6.95,7.9,,,,
May-06-2023,7.68,8.9,6.95,7.9,,,,
May-07-2023,7.68,8.9,6.95,7.9,,,,
May-08-2023,7.68,8.9,6.95,8.04,,,,
May-09-2023,7.68,8.9,6.95,8.12,,,,
May-10-2023,7.68,8.9,6.95,8.02,,,,
May-11-2023,7.68,8.9,6.95,8,,,,
May-12-2023,7.68,8.9,6.95,8.06,,,,
May-13-2023,7.68,8.9,6.95,8.06,,,,
May-14-2023,7.68,8.9,6.95,8.06,,,,
May-15-2023,7.68,8.9,6.95,8.13,,,,
May-16-2023,7.68,8.9,6.95,8.13,,,,
May-17-2023,7.68,8.9,6.95,8.07,,,,
May-18-2023,7.68,8.9,6.95,8.11,,,,
May-19-2023,7.68,8.9,6.95,8.16,,,,
May-20-2023,7.68,8.9,6.95,8.16,,,,
May-21-2023,7.76,8.9,6.95,8.16,,,,
May-22-2023,7.76,8.9,6.95,8.29,,,,
May-23-2023,7.76,8.9,6.95,8.22,,,,
May-24-2023,7.76,8.9,6.95,8.21,,,,
May-25-2023,7.76,8.9,6.95,8.25,,,,
May-26-2023,7.84,9.2,6.95,8.22,,,,
May-27-2023,7.84,9.2,6.95,8.22,,,,
May-28-2023,7.88,9.2,6.95,8.22,,,,
May-29-2023,7.88,9.2,6.95,8.46,,,,
May-30-2023,7.88,9.2,6.95,8.53,,,,
May-31-2023,7.88,9.2,6.95,8.45,,,,
Jun-01-2023,7.88,9.2,6.95,8.44,,,,
Jun-02-2023,7.88,9.2,6.95,8.37,,,,
Jun-03-2023,7.88,9.2,6.95,8.37,,,,
Jun-04-2023,7.88,9.2,6.95,8.37,,,,
Jun-05-2023,7.88,9.2,6.95,8.4,,,,
Jun-06-2023,7.88,9.2,6.95,8.47,,,,
Jun-07-2023,7.88,9.2,6.95,8.41,,,,
Jun-08-2023,7.88,9.2,6.95,8.39,,,,
Jun-09-2023,7.88,9.2,6.95,8.48,,,,
Jun-10-2023,7.88,9.2,6.95,8.48,,,,
Jun-11-2023,7.88,9.2,6.95,8.48,,,,
Jun-12-2023,7.88,9.2,6.95,8.48,,,,
Jun-13-2023,7.88,9.2,6.95,8.51,,,,
Jun-14-2023,7.88,9.2,6.95,8.55,,,,
Jun-15-2023,7.88,9.2,6.95,8.6,,,,
Jun-16-2023,7.88,9.2,6.95,8.69,,,,
Jun-17-2023,7.88,9.2,6.95,8.69,,,,
Jun-18-2023,7.88,9.2,6.95,8.69,,,,
Jun-19-2023,7.88,9.2,6.95,8.8,,,,
Jun-20-2023,7.88,9.2,6.95,8.8,,,,
Jun-21-2023,7.88,9.2,6.95,8.85,,,,
Jun-22-2023,7.88,9.2,6.95,8.68,,,,
Jun-23-2023,7.88,9.2,6.95,8.57,,,,
Jun-24-2023,7.88,9.2,6.95,8.57,,,,
Jun-25-2023,7.88,9.2,6.95,8.57,,,,
Jun-26-2023,7.89,9.2,6.95,8.5,,,,
Jun-27-2023,7.89,9.2,6.95,8.37,,,,
Jun-28-2023,7.89,9.2,6.95,8.5,,,,
Jun-29-2023,7.89,9.2,6.95,8.47,,,,
Jun-30-2023,7.89,9.2,6.95,8.45,,,,
Jul-01-2023,7.89,9.2,6.95,8.45,,,,
Jul-02-2023,7.89,9.2,6.95,8.45,,,,
Jul-03-2023,7.93,9.7,6.95,8.43,,,,
Jul-04-2023,8,9.7,6.95,8.72,,,,
Jul-05-2023,8,9.7,6.95,8.69,,,,
Jul-06-2023,8,9.7,6.95,8.67,,,,
Jul-07-2023,8,9.7,6.95,8.53,,,,
Jul-08-2023,8,9.7,6.95,8.53,,,,
Jul-09-2023,8,9.7,6.95,8.53,,,,
Jul-10-2023,8.18,9.7,7,8.48,,,,
Jul-11-2023,8.18,9.7,7,8.49,,,,
Jul-12-2023,8.18,9.7,7,8.43,,,,
Jul-13-2023,8.18,9.7,7,8.28,,,,
Jul-14-2023,8.18,9.7,7,8.29,,,,
Jul-15-2023,8.18,9.7,7,8.29,,,,
Jul-16-2023,8.18,9.7,7,8.29,,,,
Jul-17-2023,8.23,9.7,7,8.14,,,,
Jul-18-2023,8.23,9.7,7,8.22,,,,
Jul-19-2023,8.27,9.7,7,8.25,,,,
Jul-20-2023,8.27,9.7,7,8.23,,,,
Jul-21-2023,8.27,9.7,7,8.22,,,,
Jul-22-2023,8.27,9.7,7,8.22,,,,
Jul-23-2023,8.3,9.7,7,8.22,,,,
Jul-24-2023,8.3,9.7,7,8.3,,,,
Jul-25-2023,8.3,9.7,7,8.35,,,,
Jul-26-2023,8.3,9.7,7,8.42,,,,
Jul-27-2023,8.3,9.7,7,8.35,,,,
Jul-28-2023,8.3,9.7,7,8.35,,,,
Jul-29-2023,8.3,9.7,7,8.35,,,,
Jul-30-2023,8.3,9.7,7,8.35,,,,
Jul-31-2023,8.3,9.7,7,8.28,,,,
Aug-01-2023,8.31,9.7,7,8.23,,,,
Aug-02-2023,8.31,9.7,7,8.12,,,,
Aug-03-2023,8.31,9.7,7,8.14,,,,
Aug-04-2023,8.29,9.7,7,8.15,,,,
Aug-05-2023,8.29,9.7,7,8.15,,,,
Aug-06-2023,8.29,9.7,7,8.15,,,,
Aug-07-2023,8.29,9.7,7,8.05,,,,
Aug-08-2023,8.29,9.7,7,8,,,,
Aug-09-2023,8.29,9.7,7,7.92,,,,
Aug-10-2023,8.29,9.7,7,7.91,,,,
Aug-11-2023,8.29,9.7,7,7.9,,,,
Aug-12-2023,8.29,9.7,7,7.9,,,,
Aug-13-2023,8.29,9.7,7,7.9,,,,
Aug-14-2023,8.29,9.7,7,7.87,,,,
Aug-15-2023,8.29,9.7,7,7.89,,,,
Aug-16-2023,8.29,9.7,7,7.81,,,,
Aug-17-2023,8.29,9.7,7,7.88,,,,
Aug-18-2023,8.29,9.7,7,8,,,,
Aug-19-2023,8.29,9.7,7,8,,,,
Aug-20-2023,8.29,9.7,7,8,,,,
Aug-21-2023,8.39,9.7,7.3,8.36,,,,
Aug-22-2023,8.42,9.7,7.3,7.76,,,,
Aug-23-2023,8.42,9.7,7.3,7.79,,,,
Aug-24-2023,8.42,9.7,7.3,7.99,,,,
Aug-25-2023,8.42,9.7,7.3,8.03,,,,
Aug-26-2023,8.42,9.7,7.3,8.03,,,,
Aug-27-2023,8.45,9.7,7.3,8.03,,,,
Aug-28-2023,8.45,9.7,7.3,8.12,,,,
Aug-29-2023,8.45,9.7,7.3,8.08,,,,
Aug-30-2023,8.45,9.7,7.3,8.16,,,,
Aug-31-2023,8.45,9.7,7.3,8.32,,,,
Sep-01-2023,8.45,9.7,7.3,8.24,,,,
Sep-02-2023,8.45,9.7,7.3,8.24,,,,
Sep-03-2023,8.45,9.7,7.3,8.24,,,,
Sep-04-2023,8.45,9.7,7.3,8.04,,,,
Sep-05-2023,8.45,9.7,7.3,7.95,,,,
Sep-06-2023,8.45,9.7,7.3,7.76,,,,
Sep-07-2023,8.45,9.7,7.3,7.59,,,,
Sep-08-2023,8.45,9.7,7.3,7.61,,,,
Sep-09-2023,8.45,9.7,7.3,7.61,,,,
Sep-10-2023,8.45,9.7,7.3,7.61,,,,
Sep-11-2023,8.45,9.7,7.3,7.79,,,,
Sep-12-2023,8.45,9.7,7.3,7.73,,,,
Sep-13-2023,8.45,9.7,7.3,7.71,,,,
Sep-14-2023,8.45,9.7,7.3,7.67,,,,
Sep-15-2023,8.45,9.7,7.3,7.72,,,,
Sep-16-2023,8.45,9.7,7.3,7.72,,,,
Sep-17-2023,8.45,9.7,7.3,7.72,,,,
Sep-18-2023,8.45,9.7,7.3,7.63,,,,
Sep-19-2023,8.45,9.7,7.3,7.6,,,,
Sep-20-2023,8.45,9.7,7.3,7.67,,,,
Sep-21-2023,8.45,9.7,7.3,7.54,,,,
Sep-22-2023,8.45,9.7,7.3,7.47,,,,
Sep-23-2023,8.45,9.7,7.3,7.47,,,,
Sep-24-2023,8.45,9.7,7.3,7.47,,,,
Sep-25-2023,8.45,9.7,7.3,7.56,,,,
Sep-26-2023,8.45,9.7,7.3,7.5,,,,
Sep-27-2023,8.45,9.7,7.3,7.43,,,,
Sep-28-2023,8.45,9.7,7.3,7.47,,,,
Sep-29-2023,8.45,9.7,7.3,7.43,,,,
Sep-30-2023,8.45,9.7,7.3,7.43,,,,
Oct-01-2023,8.45,9.7,7.3,7.43,,,,
Oct-02-2023,8.45,9.7,7.3,7.39,,,,
Oct-03-2023,8.45,9.7,7.3,7.32,,,,
Oct-04-2023,8.45,9.7,7.3,7.31,,,,
Oct-05-2023,8.45,9.7,7.3,7.52,,,,
Oct-06-2023,8.45,9.7,7.3,7.63,,,,
Oct-07-2023,8.45,9.7,7.3,7.63,,,,
Oct-08-2023,8.45,9.7,7.3,7.63,,,,
Oct-09-2023,8.45,9.7,7.3,7.6,,,,
Oct-10-2023,8.45,9.7,7.3,7.55,,,,
Oct-11-2023,8.38,9.7,7.3,7.64,,,,
Oct-12-2023,8.38,9.7,7.3,7.52,,,,
Oct-13-2023,8.38,9.7,7.3,7.38,,,,
Oct-14-2023,8.38,9.7,7.3,7.38,,,,
Oct-15-2023,8.38,9.7,7.3,7.38,,,,
Oct-16-2023,8.38,9.7,7.3,7.33,,,,
Oct-17-2023,8.38,9.7,7.3,7.38,,,,
Oct-18-2023,8.38,9.7,7.3,7.47,,,,
Oct-19-2023,8.38,9.7,7.3,7.38,,,,
Oct-20-2023,8.38,9.7,7.3,7.31,,,,
Oct-21-2023,8.38,9.7,7.3,7.31,,,,
Oct-22-2023,8.38,9.7,7.3,7.31,,,,
Oct-23-2023,8.38,9.7,7.3,7.28,,,,
Oct-24-2023,8.38,9.7,7.3,7.31,,,,
Oct-25-2023,8.38,9.7,7.3,7.28,,,,
Oct-26-2023,8.38,9.7,7.3,7.27,,,,
Oct-27-2023,8.38,9.7,7.3,7.2,,,,
Oct-28-2023,8.38,9.7,7.3,7.2,,,,
Oct-29-2023,8.38,9.7,7.3,7.2,,,,
Oct-30-2023,8.38,9.7,7.3,7.11,,,,
Oct-31-2023,8.38,9.7,7.3,7.24,,,,
Nov-01-2023,8.38,9.7,7.3,7.23,,,,
Nov-02-2023,8.38,9.7,7.3,7.28,,,,
Nov-03-2023,8.38,9.7,7.3,7.35,,,,
Nov-04-2023,8.38,9.7,7.3,7.35,,,,
Nov-05-2023,8.38,9.7,7.3,7.35,,,,
Nov-06-2023,8.33,9.7,7.3,7.34,,,,
Nov-07-2023,8.33,9.7,7.3,7.17,,,,
Nov-08-2023,8.33,9.7,7.3,7.12,,,,
Nov-09-2023,8.33,9.7,7.3,7.29,,,,
Nov-10-2023,8.3,9.5,7.3,7.29,,,,
Nov-11-2023,8.3,9.5,7.3,7.29,,,,
Nov-12-2023,8.19,9.5,7.3,7.29,,,,
Nov-13-2023,8.19,9.5,7.3,7.47,,,,
Nov-14-2023,8.19,9.5,7.3,7.55,,,,
Nov-15-2023,8.19,9.5,7.3,7.5,,,,
Nov-16-2023,8.19,9.5,7.3,7.48,,,,
Nov-17-2023,8.19,9.5,7.3,7.53,,,,
Nov-18-2023,8.19,9.5,7.3,7.53,,,,
Nov-19-2023,8.19,9.5,7.3,7.53,,,,
Nov-20-2023,8.19,9.5,7.3,7.53,,,,
Nov-21-2023,8.19,9.5,7.3,7.45,,,,
Nov-22-2023,8.19,9.5,7.3,7.47,,,,
Nov-23-2023,8.19,9.5,7.3,7.55,,,,
Nov-24-2023,8.19,9.5,7.3,7.58,,,,
Nov-25-2023,8.19,9.5,7.3,7.58,,,,
Nov-26-2023,8.19,9.5,7.3,7.58,,,,
Nov-27-2023,8.19,9.5,7.3,7.64,,,,
Nov-28-2023,8.19,9.5,7.3,7.6,,,,
Nov-29-2023,8.19,9.5,7.3,7.57,,,,
Nov-30-2023,8.19,9.5,7.3,7.58,,,,
Dec-01-2023,8.19,9.5,7.3,7.71,,,,
Dec-02-2023,8.19,9.5,7.3,7.71,,,,
Dec-03-2023,8.19,9.5,7.3,7.71,,,,
Dec-04-2023,8.19,9.5,7.3,7.66,,,,
Dec-05-2023,8.24,9.5,7.3,7.63,,,,
Dec-06-2023,8.24,9.5,7.3,7.99,,,,
Dec-07-2023,8.24,9.5,7.3,7.67,,,,
Dec-08-2023,8.24,9.5,7.3,7.46,,,,
Dec-09-2023,8.24,9.5,7.3,7.46,,,,
Dec-10-2023,8.24,9.5,7.3,7.46,,,,
Dec-11-2023,8.24,9.5,7.3,7.4,,,,
Dec-12-2023,8.24,9.5,7.3,7.44,,,,
Dec-13-2023,8.24,9.5,7.3,7.72,,,,
Dec-14-2023,8.24,9.5,7.3,7.46,,,,
Dec-15-2023,8.24,9.5,7.3,7.31,,,,
Dec-16-2023,8.24,9.5,7.3,7.31,,,,
Dec-17-2023,8.24,9.5,7.3,7.31,,,,
Dec-18-2023,8.24,9.5,7.3,7.35,,,,
Dec-19-2023,8.24,9.5,7.3,7.41,,,,
Dec-20-2023,8.24,9.5,7.3,7.4,,,,
Dec-21-2023,8.24,9.5,7.3,7.32,,,,
Dec-22-2023,8.24,9.5,7.3,7.33,,,,
Dec-23-2023,8.24,9.5,7.3,7.33,,,,
Dec-24-2023,8.24,9.5,7.3,7.33,,,,
Dec-25-2023,8.24,9.5,7.3,7.33,,,,
Dec-26-2023,8.24,9.5,7.3,7.33,,,,
Dec-27-2023,8.24,9.5,7.3,7.32,,,,
Dec-28-2023,8.24,9.5,7.3,7.38,,,,
Dec-29-2023,8.24,9.5,7.3,7.39,,,,
Dec-30-2023,8.24,9.5,7.3,7.39,,,,
Dec-31-2023,8.24,9.5,7.3,7.39,,,,
Jan-01-2024,8.24,9.5,7.3,7.39,,,,
Jan-02-2024,8.25,9.5,7.3,7.38,,,,
Jan-03-2024,8.25,9.5,7.3,7.46,,,,
Jan-04-2024,8.27,9.5,7.3,7.47,,,,
Jan-05-2024,8.27,9.5,7.3,7.56,,,,
Jan-06-2024,8.27,9.5,7.3,7.56,,,,
Jan-07-2024,8.27,9.5,7.3,7.56,,,,
Jan-08-2024,8.27,9.5,7.3,7.53,,,,
Jan-09-2024,8.27,9.5,7.3,7.56,,,,
Jan-10-2024,8.27,9.5,7.3,7.47,,,,
Jan-11-2024,8.3,9.5,7.3,7.59,,,,
Jan-12-2024,8.3,9.5,7.3,7.55,,,,
Jan-13-2024,8.3,9.5,7.3,7.55,,,,
Jan-14-2024,8.3,9.5,7.3,7.55,,,,
Jan-15-2024,8.3,9.5,7.3,7.54,,,,
Jan-16-2024,8.3,9.5,7.3,7.51,,,,
Jan-17-2024,8.3,9.5,7.3,7.5,,,,
Jan-18-2024,8.3,9.5,7.3,7.67,,,,
Jan-19-2024,8.3,9.5,7.3,7.78,,,,
Jan-20-2024,8.3,9.5,7.3,7.78,,,,
Jan-21-2024,8.3,9.5,7.3,7.78,,,,
Jan-22-2024,8.3,9.5,7.3,7.96,,,,
Jan-23-2024,8.3,9.5,7.3,8,,,,
Jan-24-2024,8.3,9.5,7.3,7.99,,,,
Jan-25-2024,8.3,9.5,7.3,7.97,,,,
Jan-26-2024,8.3,9.5,7.3,7.97,,,,
Jan-27-2024,8.3,9.5,7.3,7.97,,,,
Jan-28-2024,8.3,9.5,7.3,7.97,,,,
Jan-29-2024,8.3,9.5,7.3,8,,,,
Jan-30-2024,8.3,9.5,7.3,7.94,,,,
Jan-31-2024,8.3,9.5,7.3,8.14,,,,
Feb-01-2024,8.3,9.5,7.3,8,,,,
Feb-02-2024,8.3,9.5,7.3,8.01,,,,
Feb-03-2024,8.3,9.5,7.3,8.01,,,,
Feb-04-2024,8.3,9.5,7.3,8.01,,,,
Feb-05-2024,8.3,9.5,7.3,7.98,,,,
Feb-06-2024,8.3,9.5,7.3,7.98,,,,
Feb-07-2024,8.3,9.5,7.3,8.03,,,,
Feb-08-2024,8.31,9.5,7.3,8.15,,,,
Feb-09-2024,8.31,9.5,7.3,8.05,,,,
Feb-10-2024,8.31,9.5,7.3,8.05,,,,
Feb-11-2024,8.31,9.5,7.3,8.05,,,,
Feb-12-2024,8.31,9.5,7.3,8.03,,,,
Feb-13-2024,8.31,9.5,7.3,8.1,,,,
Feb-14-2024,8.31,9.5,7.3,8,,,,
Feb-15-2024,8.31,9.5,7.3,8.04,,,,
Feb-16-2024,8.31,9.5,7.3,8.06,,,,
Feb-17-2024,8.31,9.5,7.3,8.06,,,,
Feb-18-2024,8.31,9.5,7.3,8.06,,,,
Feb-19-2024,8.31,9.5,7.3,8.09,,,,
Feb-20-2024,8.31,9.5,7.3,8.22,,,,
Feb-21-2024,8.31,9.5,7.3,8.09,,,,
Feb-22-2024,8.31,9.5,7.3,8.12,,,,
Feb-23-2024,8.31,9.5,7.3,8.18,,,,
Feb-24-2024,8.31,9.5,7.3,8.18,,,,
Feb-25-2024,8.31,9.5,7.3,8.18,,,,
Feb-26-2024,8.17,9.3,7.3,7.72,,,,
Feb-27-2024,8.15,9.3,7.3,7.56,,,,
Feb-28-2024,8.15,9.3,7.3,7.38,,,,
Feb-29-2024,8.15,9.3,7.3,7.32,,,,
Mar-01-2024,8.15,9.3,7.3,7.52,,,,
Mar-02-2024,8.15,9.3,7.3,7.52,,,,
Mar-03-2024,8.15,9.3,7.3,7.52,,,,
Mar-04-2024,8.15,9.3,7.3,7.59,,,,
Mar-05-2024,8.16,9.3,7.3,7.85,,,,
Mar-06-2024,8.16,9.3,7.3,7.92,,,,
Mar-07-2024,8.16,9.3,7.3,7.75,,,,
Mar-08-2024,8.16,9.3,7.3,7.99,,,,
Mar-09-2024,8.16,9.3,7.3,7.99,,,,
Mar-10-2024,8.16,9.3,7.3,7.99,,,,
Mar-11-2024,8.16,9.3,7.3,7.95,,,,
Mar-12-2024,8.16,9.3,7.3,7.91,,,,
Mar-13-2024,8.16,9.3,7.3,7.88,,,,
Mar-14-2024,8.16,9.3,7.3,7.83,,,,
Mar-15-2024,8.16,9.3,7.3,7.9,,,,
Mar-16-2024,8.16,9.3,7.3,7.9,,,,
Mar-17-2024,8.16,9.3,7.3,7.9,,,,
Mar-18-2024,8.16,9.3,7.3,7.83,,,,
Mar-19-2024,8.16,9.3,7.3,7.74,,,,
Mar-20-2024,8.16,9.3,7.3,7.61,,,,
Mar-21-2024,8.16,9.3,7.3,7.6,,,,
Mar-22-2024,8.23,9.3,7.3,7.68,,,,
Mar-23-2024,8.23,9.3,7.3,7.68,,,,
Mar-24-2024,8.23,9.3,7.3,7.68,,,,
Mar-25-2024,8.23,9.3,7.3,7.65,,,,
Mar-26-2024,8.23,9.3,7.3,7.65,,,,
Mar-27-2024,8.23,9.3,7.3,7.78,,,,
Mar-28-2024,8.23,9.3,7.3,7.86,,,,
Mar-29-2024,8.23,9.3,7.3,7.86,,,,
Mar-30-2024,8.23,9.3,7.3,7.86,,,,
Mar-31-2024,8.23,9.3,7.3,7.86,,,,
Apr-01-2024,8.23,9.3,7.3,7.86,,,,
Apr-02-2024,8.23,9.3,7.3,7.98,,,,
Apr-03-2024,8.24,9.3,7.3,7.72,,,,
Apr-04-2024,8.24,9.3,7.3,7.76,,,,
Apr-05-2024,8.26,9.3,7.3,7.69,,,,
Apr-06-2024,8.26,9.3,7.3,7.69,,,,
Apr-07-2024,8.26,9.3,7.3,7.69,,,,
Apr-08-2024,8.26,9.3,7.3,7.81,,,,
Apr-09-2024,8.26,9.3,7.3,7.82,,,,
Apr-10-2024,8.26,9.3,7.3,7.79,,,,
Apr-11-2024,8.26,9.3,7.3,7.7,,,,
Apr-12-2024,8.26,9.3,7.3,7.76,,,,
Apr-13-2024,8.26,9.3,7.3,7.76,,,,
Apr-14-2024,8.26,9.3,7.3,7.76,,,,
Apr-15-2024,8.26,9.3,7.3,7.75,,,,
Apr-16-2024,8.26,9.3,7.3,7.52,,,,
Apr-17-2024,8.26,9.3,7.3,7.61,,,,
Apr-18-2024,8.26,9.3,7.3,7.56,,,,
Apr-19-2024,8.26,9.3,7.3,7.39,,,,
Apr-20-2024,8.26,9.3,7.3,7.39,,,,
Apr-21-2024,8.26,9.3,7.3,7.39,,,,
Apr-22-2024,8.26,9.3,7.3,7.55,,,,
Apr-23-2024,8.26,9.3,7.3,7.59,,,,
Apr-24-2024,8.26,9.3,7.3,7.56,,,,
Apr-25-2024,8.19,9.3,7.3,7.56,,,,
Apr-26-2024,8.19,9.3,7.3,7.31,,,,
Apr-27-2024,8.19,9.3,7.3,7.31,,,,
Apr-28-2024,8.19,9.3,7.3,7.31,,,,
Apr-29-2024,8.19,9.3,7.3,7.5,,,,
Apr-30-2024,8.19,9.3,7.3,7.45,,,,
May-01-2024,8.19,9.3,7.3,7.22,,,,
May-02-2024,8.19,9.3,7.3,7.23,,,,
May-03-2024,8.19,9.3,7.3,7.25,,,,
May-04-2024,8.19,9.3,7.3,7.25,,,,
May-05-2024,8.19,9.3,7.3,7.25,,,,
May-06-2024,8.19,9.3,7.3,7.28,,,,
May-07-2024,8.19,9.3,7.3,7.65,,,,
May-08-2024,8.19,9.3,7.3,7.56,,,,
May-09-2024,8.19,9.3,7.3,7.46,,,,
May-10-2024,8.19,9.3,7.3,7.46,,,,
May-11-2024,8.19,9.3,7.3,7.46,,,,
May-12-2024,8.19,9.3,7.3,7.46,,,,
May-13-2024,8.19,9.3,7.3,7.51,,,,
May-14-2024,8.19,9.3,7.3,7.45,,,,
May-15-2024,8.19,9.3,7.3,7.47,,,,
May-16-2024,8.19,9.3,7.3,7.34,,,,
May-17-2024,8.19,9.3,7.3,7.14,,,,
May-18-2024,8.19,9.3,7.3,7.14,,,,
May-19-2024,8.13,9.3,7.3,7.14,,,,
May-20-2024,8.13,9.3,7.3,7.12,,,,
May-21-2024,8.13,9.3,7.3,7.08,,,,
May-22-2024,8.13,9.3,7.3,7.05,,,,
May-23-2024,8.13,9.3,7.3,7.14,,,,
May-24-2024,8.13,9.3,7.3,7.06,,,,
May-25-2024,8.13,9.3,7.3,7.06,,,,
May-26-2024,8.13,9.3,7.3,7.06,,,,
May-27-2024,8.13,9.3,7.3,7.15,,,,
May-28-2024,8.13,9.3,7.3,7.18,,,,
May-29-2024,8.13,9.3,7.3,7.27,,,,
May-30-2024,8.13,9.3,7.3,7.36,,,,
May-31-2024,8.13,9.3,7.3,7.44,,,,
Jun-01-2024,8.13,9.3,7.3,7.44,,,,
Jun-02-2024,8.13,9.3,7.3,7.44,,,,
Jun-03-2024,8.13,9.3,7.3,7.52,,,,
Jun-04-2024,8.13,9.3,7.3,7.4,,,,
Jun-05-2024,8.13,9.3,7.3,7.46,,,,
Jun-06-2024,8.13,9.3,7.3,7.54,,,,
Jun-07-2024,8.13,9.3,7.3,7.58,,,,
Jun-08-2024,8.13,9.3,7.3,7.58,,,,
Jun-09-2024,8.13,9.3,7.3,7.58,,,,
Jun-10-2024,8.13,9.3,7.3,7.58,,,,
Jun-11-2024,8.13,9.3,7.3,7.47,,,,
Jun-12-2024,8.13,9.3,7.3,7.4,,,,
Jun-13-2024,8.13,9.3,7.3,7.36,,,,
Jun-14-2024,8.13,9.3,7.3,7.33,,,,
Jun-15-2024,8.13,9.3,7.3,7.33,,,,
Jun-16-2024,8.13,9.3,7.3,7.33,,,,
Jun-17-2024,8.13,9.3,7.3,7.5,,,,
Jun-18-2024,8.13,9.3,7.3,7.53,,,,
Jun-19-2024,8.13,9.3,7.3,7.3,,,,
Jun-20-2024,8.13,9.3,7.3,7.23,,,,
Jun-21-2024,8.13,9.3,7.3,7.33,,,,
Jun-22-2024,8.13,9.3,7.3,7.33,,,,
Jun-23-2024,8.13,9.3,7.3,7.33,,,,
Jun-24-2024,8.13,9.3,7.3,7.32,,,,
Jun-25-2024,8.19,9.3,7.3,7.3,,,,
Jun-26-2024,8.19,9.3,7.3,7.34,,,,
Jun-27-2024,8.19,9.3,7.3,7.35,,,,
Jun-28-2024,8.19,9.3,7.3,7.35,,,,
Jun-29-2024,8.19,9.3,7.3,7.35,,,,
Jun-30-2024,8.19,9.3,7.3,7.35,,,,
Jul-01-2024,8.16,8.9,7.3,7.25,,,,
Jul-02-2024,8.18,8.9,7.35,7.17,,,,
Jul-03-2024,8.18,8.9,7.35,7.11,,,,
Jul-04-2024,8.18,8.9,7.35,7.12,,,,
Jul-05-2024,8.18,8.9,7.35,6.98,,,,
Jul-06-2024,8.18,8.9,7.35,6.98,,,,
Jul-07-2024,8.18,8.9,7.35,6.98,,,,
Jul-08-2024,8.18,8.9,7.35,6.9,,,,
Jul-09-2024,8.18,8.9,7.35,6.88,,,,
Jul-10-2024,8.18,8.9,7.35,6.9,,,,
Jul-11-2024,8.18,8.9,7.35,6.95,,,,
Jul-12-2024,8.18,8.9,7.35,6.94,,,,
Jul-13-2024,8.18,8.9,7.35,6.94,,,,
Jul-14-2024,8.16,8.9,7.35,6.94,,,,
Jul-15-2024,8.16,8.9,7.35,6.99,,,,
Jul-16-2024,8.12,8.9,7.35,7.06,,,,
Jul-17-2024,8.12,8.9,7.35,7.11,,,,
Jul-18-2024,8.12,8.9,7.35,7.15,,,,
Jul-19-2024,8.12,8.9,7.35,7.12,,,,
Jul-20-2024,8.12,8.9,7.35,7.12,,,,
Jul-21-2024,8.12,8.9,7.35,7.12,,,,
Jul-22-2024,8.12,8.9,7.35,7.12,,,,
Jul-23-2024,8.12,8.9,7.35,7.2,,,,
Jul-24-2024,8.08,8.65,7.35,7.24,,,,
Jul-25-2024,8.08,8.65,7.35,7.19,,,,
Jul-26-2024,8.08,8.65,7.35,7.23,,,,
Jul-27-2024,8.08,8.65,7.35,7.23,,,,
Jul-28-2024,8.08,8.65,7.35,7.23,,,,
Jul-29-2024,8.08,8.65,7.35,7.19,,,,
Jul-30-2024,8.08,8.65,7.35,7.27,,,,
Jul-31-2024,8.08,8.65,7.35,7.53,,,,
Aug-01-2024,8.08,8.65,7.35,7.52,,,,
Aug-02-2024,8.08,8.65,7.35,7.45,,,,
Aug-03-2024,8.08,8.65,7.35,7.45,,,,
Aug-04-2024,8.08,8.65,7.35,7.45,,,,
Aug-05-2024,8.08,8.65,7.35,7.02,,,,
Aug-06-2024,8.08,8.65,7.35,6.94,,,,
Aug-07-2024,8.08,8.65,7.35,7.06,,,,
Aug-08-2024,8.08,8.65,7.35,7.07,,,,
Aug-09-2024,8.08,8.65,7.35,7.19,,,,
Aug-10-2024,8.08,8.65,7.35,7.19,,,,
Aug-11-2024,8.08,8.65,7.35,7.19,,,,
Aug-12-2024,8.08,8.65,7.35,7.23,,,,
Aug-13-2024,8.08,8.65,7.35,7.16,,,,
Aug-14-2024,8.08,8.65,7.35,7.22,,,,
Aug-15-2024,8.08,8.65,7.35,7.29,,,,
Aug-16-2024,8.08,8.65,7.35,7.32,,,,
Aug-17-2024,8.08,8.65,7.35,7.32,,,,
Aug-18-2024,8.08,8.65,7.35,7.32,,,,
Aug-19-2024,8.08,8.65,7.35,7.39,,,,
Aug-20-2024,8.08,8.65,7.35,7.39,,,,
Aug-21-2024,8.08,8.65,7.35,7.3,,,,
Aug-22-2024,8.08,8.65,7.35,7.23,,,,
Aug-23-2024,8.08,8.65,7.35,7.27,,,,
Aug-24-2024,8.08,8.65,7.35,7.27,,,,
Aug-25-2024,8.08,8.65,7.35,7.27,,,,
Aug-26-2024,7.4,8.5,6.25,5.98,,,,
Aug-27-2024,7.25,8.5,6.25,6.25,,,,
Aug-28-2024,7.25,8.5,6.25,6.35,,,,
Aug-29-2024,7.25,8.5,6.25,6.3,,,,
Aug-30-2024,7.25,8.5,6.25,6.26,,,,
Aug-31-2024,7.25,8.5,6.25,6.26,,,,
Sep-01-2024,7.25,8.5,6.25,6.26,,,,
Sep-02-2024,7.25,8.5,6.25,6.42,,,,
Sep-03-2024,7.25,8.5,6.25,6.21,,,,
Sep-04-2024,7.25,8.5,6.25,6.25,,,,
Sep-05-2024,7.25,8.5,6.25,6.02,,,,
Sep-06-2024,7.25,8.5,6.25,6.01,,,,
Sep-07-2024,7.25,8.5,6.25,6.01,,,,
Sep-08-2024,7.25,8.5,6.25,6.01,,,,
Sep-09-2024,7.25,8.5,6.25,5.63,,,,
Sep-10-2024,7.25,8.5,6.25,5.77,,,,
Sep-11-2024,7.25,8.5,6.25,5.71,,,,
Sep-12-2024,7.25,8.5,6.25,5.88,,,,
Sep-13-2024,7.25,8.5,6.25,5.84,,,,
Sep-14-2024,7.25,8.5,6.25,5.84,,,,
Sep-15-2024,7.25,8.5,6.25,5.84,,,,
Sep-16-2024,7.25,8.5,6.25,5.74,,,,
Sep-17-2024,7.25,8.5,6.25,5.8,,,,
Sep-18-2024,7.25,8.5,6.25,5.73,,,,
Sep-19-2024,7.25,8.5,6.25,5.72,,,,
Sep-20-2024,7.25,8.5,6.25,5.82,,,,
Sep-21-2024,7.25,8.5,6.25,5.82,,,,
Sep-22-2024,7.25,8.5,6.25,5.82,,,,
Sep-23-2024,7.25,8.5,6.25,5.74,,,,
Sep-24-2024,7.25,8.5,6.25,5.74,,,,
Sep-25-2024,7.25,8.5,6.25,5.77,,,,
Sep-26-2024,7.25,8.5,6.25,5.91,,,,
Sep-27-2024,7.15,8.5,6.25,5.93,,,,
Sep-28-2024,7.15,8.5,6.25,5.93,,,,
Sep-29-2024,7.15,8.5,6.25,5.93,,,,
Sep-30-2024,7.15,8.5,6.25,5.94,,,,
Oct-01-2024,7.2,8.5,6.3,5.92,,,,
Oct-02-2024,7.2,8.5,6.3,5.95,,,,
Oct-03-2024,7.2,8.5,6.3,5.95,,,,
Oct-04-2024,7.2,8.5,6.3,5.97,,,,
Oct-05-2024,7.2,8.5,6.3,5.97,,,,
Oct-06-2024,7.2,8.5,6.3,5.97,,,,
Oct-07-2024,7.2,8.5,6.3,6.01,,,,
Oct-08-2024,7.2,8.5,6.3,6,,,,
Oct-09-2024,7.2,8.5,6.3,6.08,,,,
Oct-10-2024,7.2,8.5,6.3,6.07,,,,
Oct-11-2024,7.2,8.5,6.3,6.08,,,,
Oct-12-2024,7.2,8.5,6.3,6.08,,,,
Oct-13-2024,7.2,8.5,6.3,6.08,,,,
Oct-14-2024,7.2,8.5,6.3,6.04,,,,
Oct-15-2024,7.2,8.5,6.3,6.16,,,,
Oct-16-2024,7.2,8.5,6.3,6.06,,,,
Oct-17-2024,7.2,8.5,6.3,6.09,,,,
Oct-18-2024,7.2,8.5,6.3,6.03,,,,
Oct-19-2024,7.2,8.5,6.3,6.03,,,,
Oct-20-2024,7.2,8.5,6.3,6.03,,,,
Oct-21-2024,7.2,8.5,6.3,6.03,,,,
Oct-22-2024,7.11,8.5,6.3,5.95,,,,
Oct-23-2024,7.11,8.5,6.3,5.95,,,,
Oct-24-2024,7.11,8.5,6.3,5.94,,,,
Oct-25-2024,7.11,8.5,6.3,5.96,,,,
Oct-26-2024,7.11,8.5,6.3,5.96,,,,
Oct-27-2024,7.11,8.5,6.3,5.96,,,,
Oct-28-2024,7.11,8.5,6.3,5.91,,,,
Oct-29-2024,7.11,8.5,6.3,5.88,,,,
Oct-30-2024,7.11,8.5,6.3,5.82,,,,
Oct-31-2024,7.11,8.5,6.3,5.78,,,,
Nov-01-2024,7.11,8.5,6.3,5.81,,,,
Nov-02-2024,7.11,8.5,6.3,5.81,,,,
Nov-03-2024,7.11,8.5,6.3,5.81,,,,
Nov-04-2024,7.11,8.5,6.3,5.83,,,,
Nov-05-2024,7.11,8.5,6.3,5.81,,,,
Nov-06-2024,7.11,8.5,6.3,5.92,,,,
Nov-07-2024,7.09,8.5,6.3,6.03,,,,
Nov-08-2024,7.09,8.5,6.3,6.08,,,,
Nov-09-2024,7.09,8.5,6.3,6.08,,,,
Nov-10-2024,7.09,8.5,6.3,6.08,,,,
Nov-11-2024,7.09,8.5,6.3,6,,,,
Nov-12-2024,6.86,8.5,5.45,5.96,,,,
Nov-13-2024,6.84,8.5,5.45,5.7,,,,
Nov-14-2024,6.84,8.5,5.45,5.71,,,,
Nov-15-2024,6.82,8.5,5.45,5.79,,,,
Nov-16-2024,6.82,8.5,5.45,5.79,,,,
Nov-17-2024,6.82,8.5,5.45,5.79,,,,
Nov-18-2024,6.82,8.5,5.45,5.73,,,,
Nov-19-2024,6.82,8.5,5.45,5.75,,,,
Nov-20-2024,6.82,8.5,5.45,5.64,,,,
Nov-21-2024,6.82,8.5,5.45,5.57,,,,
Nov-22-2024,6.82,8.5,5.45,5.6,,,,
Nov-23-2024,6.82,8.5,5.45,5.6,,,,
Nov-24-2024,6.82,8.5,5.45,5.6,,,,
Nov-25-2024,6.61,7.31,5.45,5.63,,,,
Nov-26-2024,6.61,7.31,5.45,5.56,,,,
Nov-27-2024,6.61,7.31,5.45,5.56,,,,
Nov-28-2024,6.61,7.31,5.45,5.7,,,,
Nov-29-2024,6.61,7.31,5.45,5.68,,,,
Nov-30-2024,6.61,7.31,5.45,5.68,,,,
Dec-01-2024,6.61,7.31,5.45,5.68,,,,
Dec-02-2024,6.61,7.31,5.45,5.6,,,,
Dec-03-2024,6.61,7.31,5.45,5.63,,,,
Dec-04-2024,6.61,7.31,5.45,5.47,,,,
Dec-05-2024,6.61,7.31,5.45,5.51,,,,
Dec-06-2024,6.61,7.31,5.45,5.61,,,,
Dec-07-2024,6.61,7.31,5.45,5.61,,,,
Dec-08-2024,6.61,7.31,5.45,5.61,,,,
Dec-09-2024,6.61,7.31,5.45,5.61,,,,
Dec-10-2024,6.61,7.31,5.45,5.56,,,,
Dec-11-2024,6.61,7.31,5.45,5.55,,,,
Dec-12-2024,6.61,7.31,5.45,5.58,,,,
Dec-13-2024,6.61,7.31,5.45,5.6,,,,
Dec-14-2024,6.61,7.31,5.45,5.6,,,,
Dec-15-2024,6.61,7.31,5.45,5.6,,,,
Dec-16-2024,6.61,7.31,5.45,5.53,,,,
Dec-17-2024,6.61,7.31,5.45,5.61,,,,
Dec-18-2024,6.61,7.31,5.45,5.47,,,,
Dec-19-2024,6.61,7.31,5.45,5.49,,,,
Dec-20-2024,6.61,7.31,5.45,5.49,,,,
Dec-21-2024,6.61,7.31,5.45,5.49,,,,
Dec-22-2024,6.61,7.31,5.45,5.49,,,,
Dec-23-2024,6.61,7.31,5.45,5.55,,,,
Dec-24-2024,6.61,7.31,5.45,5.56,,,,
Dec-25-2024,6.61,7.31,5.45,5.56,,,,
Dec-26-2024,6.61,7.31,5.45,5.56,,,,
Dec-27-2024,6.61,7.31,5.45,5.59,,,,
Dec-28-2024,6.61,7.31,5.45,5.59,,,,
Dec-29-2024,6.61,7.31,5.45,5.59,,,,
Dec-30-2024,6.61,7.31,5.45,5.54,,,,
Dec-31-2024,6.61,7.31,5.45,5.48,,,,
Jan-01-2025,6.61,7.31,5.45,5.48,,,,
Jan-02-2025,6.61,7.31,5.45,5.52,,,,
Jan-03-2025,6.61,7.31,5.45,5.57,,,,
Jan-04-2025,6.61,7.31,5.45,5.57,,,,
Jan-05-2025,6.61,7.31,5.45,5.57,,,,
Jan-06-2025,6.61,7.31,5.45,5.56,,,,
Jan-07-2025,6.61,7.31,5.45,5.58,,,,
Jan-08-2025,6.61,7.31,5.45,5.59,,,,
Jan-09-2025,6.61,7.31,5.45,5.52,,,,
Jan-10-2025,6.61,7.31,5.45,5.48,,,,
Jan-11-2025,6.61,7.31,5.45,5.48,,,,
Jan-12-2025,6.61,7.31,5.45,5.48,,,,
Jan-13-2025,6.61,7.31,5.5,5.4,,,,
Jan-14-2025,6.61,7.31,5.5,5.54,,,,
Jan-15-2025,6.56,7.31,5.5,5.46,,,,
Jan-16-2025,6.56,7.31,5.5,5.48,,,,
Jan-17-2025,6.52,7.31,5.5,5.52,,,,
Jan-18-2025,6.52,7.31,5.5,5.52,,,,
Jan-19-2025,6.36,7.2,5.5,5.52,,,,
Jan-20-2025,6.36,7.2,5.5,5.53,,,,
Jan-21-2025,6.36,7.2,5.5,5.51,,,,
Jan-22-2025,6.36,7.2,5.5,5.51,,,,
Jan-23-2025,6.36,7.2,5.5,5.51,,,,
Jan-24-2025,6.36,7.2,5.5,5.45,,,,
Jan-25-2025,6.36,7.2,5.5,5.45,,,,
Jan-26-2025,6.36,7.2,5.5,5.45,,,,
Jan-27-2025,6.36,7.2,5.5,5.45,,,,
Jan-28-2025,6.36,7.2,5.5,5.5,,,,
Jan-29-2025,6.39,7.2,5.5,5.61,,,,
Jan-30-2025,6.39,7.2,5.5,5.73,,,,
Jan-31-2025,6.39,7.2,5.5,5.78,,,,
Feb-01-2025,6.39,7.2,5.5,5.78,,,,
Feb-02-2025,6.39,7.2,5.5,5.78,,,,
Feb-03-2025,6.39,7.2,5.5,5.66,,,,
Feb-04-2025,6.39,7.2,5.5,5.62,,,,
Feb-05-2025,6.39,7.2,5.5,5.72,,,,
Feb-06-2025,6.39,7.2,5.5,5.83,,,,
Feb-07-2025,6.39,7.2,5.5,5.92,,,,
Feb-08-2025,6.39,7.2,5.5,5.92,,,,
Feb-09-2025,6.39,7.2,5.5,5.92,,,,
Feb-10-2025,6.39,7.2,5.5,5.78,,,,
Feb-11-2025,6.4,7.2,5.5,5.8,,,,
Feb-12-2025,6.4,7.2,5.5,5.87,,,,
Feb-13-2025,6.4,7.2,5.5,5.89,,,,
Feb-14-2025,6.4,7.2,5.5,6,,,,
Feb-15-2025,6.4,7.2,5.5,6,,,,
Feb-16-2025,6.4,7.2,5.5,6,,,,
Feb-17-2025,6.4,7.2,5.5,5.94,,,,
Feb-18-2025,6.4,7.2,5.5,5.94,,,,
Feb-19-2025,6.4,7.2,5.5,5.88,,,,
Feb-20-2025,6.4,7.2,5.5,5.88,,,,
Feb-21-2025,6.4,7.2,5.5,5.94,,,,
Feb-22-2025,6.4,7.2,5.5,5.94,,,,
Feb-23-2025,6.4,7.2,5.5,5.94,,,,
Feb-24-2025,6.88,7.65,5.55,6.68,,,,
Feb-25-2025,6.88,7.65,5.55,6.52,,,,
Feb-26-2025,6.9,7.65,5.55,6.35,,,,
Feb-27-2025,6.9,7.65,5.55,6.75,,,,
Feb-28-2025,6.9,7.65,5.55,6.68,,,,
Mar-01-2025,6.9,7.65,5.55,6.68,,,,
Mar-02-2025,6.9,7.65,5.55,6.68,,,,
Mar-03-2025,6.9,7.65,5.55,6.75,,,,
Mar-04-2025,6.9,7.65,5.55,6.73,,,,
Mar-05-2025,6.91,7.65,5.55,6.75,,,,
Mar-06-2025,6.91,7.65,5.55,6.59,,,,
Mar-07-2025,6.91,7.65,5.55,6.44,,,,
Mar-08-2025,6.91,7.65,5.55,6.44,,,,
Mar-09-2025,6.91,7.65,5.55,6.44,,,,
Mar-10-2025,6.91,7.65,5.55,6.49,,,,
Mar-11-2025,6.91,7.65,5.55,6.39,,,,
Mar-12-2025,6.91,7.65,5.55,6.26,,,,
Mar-13-2025,6.91,7.65,5.55,6.31,,,,
Mar-14-2025,6.91,7.65,5.55,6.43,,,,
Mar-15-2025,6.91,7.65,5.55,6.43,,,,
Mar-16-2025,6.91,7.65,5.55,6.43,,,,
Mar-17-2025,6.91,7.65,5.55,6.38,,,,
Mar-18-2025,6.91,7.65,5.55,6.45,,,,
Mar-19-2025,6.91,7.65,5.55,6.46,,,,
Mar-20-2025,6.91,7.65,5.55,6.51,,,,
Mar-21-2025,6.91,7.65,5.55,6.66,,,,
Mar-22-2025,6.91,7.65,5.55,6.66,,,,
Mar-23-2025,6.91,7.65,5.55,6.66,,,,
Mar-24-2025,6.91,7.65,5.55,6.68,,,,
Mar-25-2025,6.91,7.65,5.55,6.66,,,,
Mar-26-2025,6.91,7.65,5.55,6.72,,,,
Mar-27-2025,6.91,7.65,5.55,6.72,,,,
Mar-28-2025,7.01,8.1,5.55,6.86,,,,
Mar-29-2025,7.01,8.1,5.55,6.86,,,,
Mar-30-2025,7.01,8.1,5.55,6.86,,,,
Mar-31-2025,7.01,8.1,5.55,6.85,,,,
Apr-01-2025,7.01,8.1,5.55,6.86,,,,
Apr-02-2025,7.04,8.1,5.55,6.88,,,,
Apr-03-2025,7.04,8.1,5.55,6.9,,,,
Apr-04-2025,7.04,8.1,5.55,6.9,,,,
Apr-05-2025,7.04,8.1,5.55,6.9,,,,
Apr-06-2025,7.04,8.1,5.55,6.9,,,,
Apr-07-2025,7.04,8.1,5.55,6.64,,,,
Apr-08-2025,7.04,8.1,5.55,6.66,,,,
Apr-09-2025,7.04,8.1,5.55,6.69,,,,
Apr-10-2025,7.04,8.1,5.55,6.94,,,,
Apr-11-2025,7.04,8.1,5.55,6.75,,,,
Apr-12-2025,7.04,8.1,5.55,6.75,,,,
Apr-13-2025,7.04,8.1,5.55,6.75,,,,
Apr-14-2025,7.04,8.1,5.55,6.82,,,,
Apr-15-2025,7.04,8.1,5.55,6.79,,,,
Apr-16-2025,7.04,8.1,5.55,6.85,,,,
Apr-17-2025,7.04,8.1,5.55,6.84,,,,
Apr-18-2025,7.04,8.1,5.55,6.84,,,,
Apr-19-2025,7.04,8.1,5.55,6.84,,,,
Apr-20-2025,7.04,8.1,5.55,6.84,,,,
Apr-21-2025,7.04,8.1,5.55,6.84,,,,
Apr-22-2025,7.04,8.1,5.55,6.8,,,,
Apr-23-2025,7.04,8.1,5.55,6.8,,,,